3PLAND::9126::Real Estate::Real Estate
5PAISA::22221::Broking &amp; Allied Services::Financial Services
63MOONS::8164::IT Consulting &amp; Software - Small Cap::IT Software
8KMILES::3836::IT Consulting &amp; Software - Small Cap::IT Software
A2ZINFRA::33061::Miscellaneous::Miscellaneous
AARTIDRUGS::10801::Pharma - Indian::Pharmaceuticals
AARTIIND::11400::Pharma - Indian::Pharmaceuticals
AARVEEDEN::5136::Textiles - Denim::Textiles
AAVAS::35834::NBFC - Housing::NBFC
ABB::14040::Capital Goods - Diversified::Engineering
ABCAPITAL::66696::NBFC - Diversified::NBFC
ACC::6::Cement - Pan India::Cement
ACCELYA::4342::IT Consulting &amp; Software - Small Cap::IT Software
ADANIGAS::32503::Gas Distribution::Gas &amp; Petroleum
ADANIPORTS::20316::Port Operator::Shipping
ADANIPOWER::23479::Power Generation - Thermal::Power
ADANITRANS::57724::Power - Transmission::Power
ADFFOODS::12051::FMCG Food &amp; Beverages::FMCG
ADHUNIK::45181::Steel - Integrated::Metals - Ferrous
ADHUNIKIND::45181::Steel - Integrated::Metals - Ferrous
ADLABS::59103::Film/TV Production &amp; Distribution::Media &amp; Entertainment
ADORWELD::22::Welding Consumables &amp; Equipment::Industrial Equipment
ADROITINFO::7536::IT Consulting &amp; Software - Micro Cap::IT Software
ADSL::1237::IT Consulting &amp; Software - Micro Cap::IT Software
ADVANIHOTR::12577::Hotels &amp; Resorts::Tourism &amp; Hospitality
ADVENZYMES::34500::Seeds/Tissue Culture/Bio Technology::Agriculture/Horticulture/Livestock
AEGISCHEM::23::Warehousing/Supply Chain/Road Transport::Logistics
AFFLE::68656::Services - Others::Services
AGARIND::4555::Petrochem - Others::Petrochemicals
AGCNET::12930::IT Consulting &amp; Software - Small Cap::IT Software
AGLSL::64544::Hospital::Hospitals &amp; Allied Services
AGRITECH::13830::Pesticides/Agro Chem::Pesticides/Agro Chemicals
AGROPHOS::65225::Fertilisers::Fertilisers
AHLEAST::22877::Hotels &amp; Resorts::Tourism &amp; Hospitality
AHLUCONT::5704::Construction &amp; Contracting::Construction
AHLWEST::22876::Hotels &amp; Resorts::Tourism &amp; Hospitality
AIAENG::17637::Engineering - General::Engineering
AIONJSW::10737::Steel - Sponge Iron::Metals - Ferrous
AIRAN::65729::IT Enabled Services::IT Enabled Services
AJANTPHARM::3723::Pharma - Indian::Pharmaceuticals
AJMERA::12071::Real Estate::Real Estate
AKSHOPTFBR::3559::Cables - Optical Fiber::Cables
AKZOINDIA::13601::Paints/Varnishes::Building Materials
ALANKIT::7370::Financial Services - Misc::Financial Services
ALBERTDAVD::12765::Pharma - Indian::Pharmaceuticals
ALBK::12284::Banks - Public Sector::Banks
ALCHEM::5183::Real Estate::Real Estate
ALEMBICLTD::31::Diversified::Diversified
ALICON::7214::Auto Ancl - Others::Auto Ancillaries
ALKALI::13396::Chemicals - Inorganic - Caustic Soda/Soda Ash::Chemicals
ALKEM::15059::Pharma - Indian::Pharmaceuticals
ALKYLAMINE::34::Chemicals - Organic - Others::Chemicals
ALLCARGO::17998::Warehousing/Supply Chain/Road Transport::Logistics
ALLSEC::4119::IT Enabled Services::IT Enabled Services
ALMONDZ::6615::Broking &amp; Allied Services::Financial Services
ALOKTEXT::10648::Textiles - Weaving::Textiles
ALPA::18606::Pharma - Indian::Pharmaceuticals
ALPHAGEO::10454::Oil Drilling And Exploration Services::Gas &amp; Petroleum
ALPSINDUS::7696::Textiles - General::Textiles
AMARAJABAT::12713::Auto Ancl - Batteries::Auto Ancillaries
AMBER::67404::Air Conditioners::Consumer Durables
AMBIKCO::5598::Textiles - Spinning - Cotton Blended::Textiles
AMBUJACEM::13643::Cement - Pan India::Cement
AMDIND::15806::Packaging - Metallic/Plastics/Others::Packaging
AMJLAND::13241::Real Estate::Real Estate
AMRUTANJAN::49::Pharma - Indian::Pharmaceuticals
ANANTRAJ::12130::Real Estate::Real Estate
ANDHRABANK::12034::Banks - Public Sector::Banks
ANDHRACEMT::52::Cement - South::Cement
ANDHRSUGAR::12612::Diversified::Diversified
ANIKINDS::10222::Edible Oils &amp; Solvent Extraction::Agro Processing
ANKITMETAL::19146::Steel - Sponge Iron::Metals - Ferrous
ANSALAPI::11109::Real Estate::Real Estate
ANSALHSG::60::Real Estate::Real Estate
ANTGRAPHIC::8702::Packaging - Metallic/Plastics/Others::Packaging
ANUP::68035::Capital Goods - Others::Engineering
APARINDS::12150::Diversified::Diversified
APCL::10966::Cement - South::Cement
APCOTEXIND::10778::Rubber Processing/Rubber Products::Rubber
APEX::66684::Aquaculture - Integrated::Aquaculture
APLAPOLLO::6683::Steel - Tubes/Pipes::Metals - Ferrous
APLLTD::34421::Pharma - Indian::Pharmaceuticals
APOLLO::62::Hospital::Hospitals &amp; Allied Services
APOLLOHOSP::62::Hospital::Hospitals &amp; Allied Services
APOLLOTYRE::63::Tyres &amp; Tubes::Tyres
APOLSINHOT::1057::Hotels &amp; Resorts::Tourism &amp; Hospitality
APTECHT::2725::IT Training Services::Services
ARCHIDPLY::21502::Laminates/Plywood/Boards::Building Materials
ARCHIES::5657::Retail - Speciality::Retail
ARCOTECH::12098::Metals - Non Ferrous - Others::Metals - Non Ferrous
ARENTERP::7373::Construction &amp; Contracting::Construction
ARIES::20477::Fertilisers::Fertilisers
ARIHANT::1760::Real Estate::Real Estate
ARIHANTSUP::1760::Real Estate::Real Estate
ARMANFIN::7132::Financial Services - Misc::Financial Services
AROGRANITE::8309::Granites/Marbles::Mining
ARROWGREEN::8437::Plastic Intermediaries/Products::Plastics
ARROWTEX::26644::Textiles - General::Textiles
ARSHIYA::11721::Warehousing/Supply Chain/Road Transport::Logistics
ARSSINFRA::30991::Construction &amp; Contracting::Construction
ARVIND::15045::Branded Apparels::Apparels
ARVINDFASN::15045::Branded Apparels::Apparels
ARVSMART::32615::Real Estate::Real Estate
ASAHIINDIA::14039::Glass - Auto::Glass
ASAHISONG::19051::Dyes &amp; Pigments::Chemicals
ASAL::10371::Auto Ancl - Others::Auto Ancillaries
ASHAPURMIN::10674::Mining/Minerals::Mining
ASHIANA::11280::Real Estate::Real Estate
ASHIMASYN::10750::Textiles - Spinning - Cotton Blended::Textiles
ASHOKA::21608::Infrastructure - Roads/Tolls::Infrastructure
ASHOKLEY::14041::Auto - Cars/UV/CV::Auto
ASIANHOTNR::14033::Hotels &amp; Resorts::Tourism &amp; Hospitality
ASIANPAINT::14034::Paints/Varnishes::Building Materials
ASIANTILES::19654::Ceramics/Tiles/Sanitaryware::Building Materials
ASPINWALL::11879::Diversified::Diversified
ASSAMCO::14042::Tea / Coffee::Tea / Coffee
ASTEC::19863::Pesticides/Agro Chem::Pesticides/Agro Chemicals
ASTERDM::67489::Hospital::Hospitals &amp; Allied Services
ASTRAL::15686::Plastics - Pipes &amp; Fittings::Plastics
ASTRAMICRO::8458::Defence Contractor::Defence
ASTRAZEN::13987::Pharma - MNC::Pharmaceuticals
ASTRON::55290::Paper Manufacturer::Paper
ATFL::12158::Edible Oils &amp; Solvent Extraction::Agro Processing
ATLANTA::15487::Infrastructure - Diversified::Infrastructure
ATLASCYCLE::14002::Cycles &amp; Accessories::Consumer Durables
ATNINTER::10557::Financial Services - Misc::Financial Services
ATUL::14027::Chemicals - Diversified::Chemicals
ATULAUTO::5864::Auto - 2 &amp; 3 Wheelers::Auto
AUBANK::66288::Small Finance Bank::Banks
AURIONPRO::17605::IT Consulting &amp; Software - Small Cap::IT Software
AUROPHARMA::8279::Pharma - Indian::Pharmaceuticals
AUSOMENT::11316::Trading::Trading
AUTOAXLES::13984::Auto Ancl - Dr. Trans &amp; Steer - Others::Auto Ancillaries
AUTOIND::18866::Auto Ancl - Others::Auto Ancillaries
AUTOLITIND::14024::Auto Ancl - Equipment Lamp::Auto Ancillaries
AVADHSUGAR::61297::Sugar::Sugar
AVANTIFEED::6724::Shrimp Feed/Processing::Aquaculture
AVTNPL::4::Edible Oils &amp; Solvent Extraction::Agro Processing
AXISBANK::9175::Banks - Private Sector::Banks
AXISCADES::3329::IT Enabled Services::IT Enabled Services
AYMSYNTEX::11314::Textiles - Processing/Texturising::Textiles
BAGFILMS::17141::TV Broadcasting &amp; Software Production::Media &amp; Entertainment
BAJAJ-AUTO::21430::Auto - 2 &amp; 3 Wheelers::Auto
BAJAJCON::31863::Personal Care::FMCG
BAJAJELEC::13978::Electronics/Electricals::Consumer Durables
BAJAJFINSV::21426::NBFC - Diversified::NBFC
BAJAJHIND::13998::Sugar::Sugar
BAJAJHLDNG::13977::Holding - Diversified::Holding Company
BAJFINANCE::11260::NBFC - Consumer::NBFC
BALAJITELE::3376::Film/TV Production &amp; Distribution::Media &amp; Entertainment
BALAMINES::7478::Chemicals - Organic - Others::Chemicals
BALAXI::12255::Miscellaneous::Miscellaneous
BALKRISHNA::14013::Tyres &amp; Tubes::Tyres
BALKRISIND::14013::Tyres &amp; Tubes::Tyres
BALLARPUR::14014::Paper Manufacturer::Paper
BALMLAWRIE::12675::Diversified::Diversified
BALPHARMA::8252::Pharma - Indian::Pharmaceuticals
BALRAMCHIN::12477::Sugar::Sugar
BANARBEADS::8241::Miscellaneous::Miscellaneous
BANARISUG::13995::Sugar::Sugar
BANCOINDIA::13994::Auto Ancl - Engine Parts::Auto Ancillaries
BANDHANBNK::67665::Banks - Private Sector::Banks
BANG::20732::Branded Apparels::Apparels
BANKBARODA::12040::Banks - Public Sector::Banks
BANKINDIA::11964::Banks - Public Sector::Banks
BANSWRAS::13996::Textiles - Spinning - Synthetic Blended::Textiles
BARTRONICS::16600::IT Networking Equipment::IT - Hardware
BASF::13981::Chemicals - Organic - Others::Chemicals
BASML::17610::Textiles - General::Textiles
BATAINDIA::13974::Leather - Footwear/Accessories::Leather
BAYERCROP::13975::Pesticides/Agro Chem::Pesticides/Agro Chemicals
BBL::13968::Electric Equipment - Transformers::Electric/Electronics
BBTC::13945::Holding - Diversified::Holding Company
BCG::2120::IT Consulting &amp; Software - Small Cap::IT Software
BCP::42400::Infrastructure - Others::Infrastructure
BDL::4722::Defence Contractor::Defence
BEARDSELL::13976::Packaging - Metallic/Plastics/Others::Packaging
BEDMUTHA::32434::Steel - Wires::Metals - Ferrous
BEL::11945::Defence Contractor::Defence
BEML::11975::Capital Goods - Railway::Engineering
BEPL::13993::Petrochem - Polymers::Petrochemicals
BERGEPAINT::13971::Paints/Varnishes::Building Materials
BFINVEST::32924::Holding - Diversified::Holding Company
BFUTILITIE::3184::Infrastructure - Others::Infrastructure
BGLOBAL::34163::IT Consulting &amp; Software - Micro Cap::IT Software
BGRENERGY::20378::Capital Goods - Power::Engineering
BHAGERIA::7524::Dyes &amp; Pigments::Chemicals
BHAGYANGR::11860::Metals - Non Ferrous - Copper/Zinc/Alloys - Products::Metals - Non Ferrous
BHAGYAPROP::23263::Real Estate::Real Estate
BHANDARI::8645::Branded Hosiery/Knitwear::Apparels
BHARATFORG::13958::Auto Ancl - Others::Auto Ancillaries
BHARATGEAR::13959::Auto Ancl - Gears &amp; Drive::Auto Ancillaries
BHARATRAS::10986::Pesticides/Agro Chem::Pesticides/Agro Chemicals
BHARATWIRE::64018::Steel - Wires::Metals - Ferrous
BHARTIARTL::2718::Telecommunications - Service::Telecommunications
BHEL::11831::Capital Goods - Power::Engineering
BIGBLOC::64934::Cement Products::Building Materials
BIL::8673::Leather - Footwear/Accessories::Leather
BILENERGY::32640::Electric Equipment/Components/Services::Electric/Electronics
BINANIIND::13876::Holding - Diversified::Holding Company
BINDALAGRO::13950::Financial Services - Misc::Financial Services
BIOCON::2082::Pharma - Indian::Pharmaceuticals
BIOFILCHEM::10581::Pharma - Indian::Pharmaceuticals
BIRLACABLE::10258::Cables - Optical Fiber::Cables
BIRLACORPN::13961::Cement - North::Cement
BIRLAMONEY::15854::Broking &amp; Allied Services::Financial Services
BKMINDST::57938::Packaging - Metallic/Plastics/Others::Packaging
BLBLIMITED::4231::Financial Services - Misc::Financial Services
BLISSGVS::13938::Pharma - Indian::Pharmaceuticals
BLKASHYAP::16069::Construction &amp; Contracting::Construction
BLS::64350::Services - Others::Services
BLUEBLENDS::13940::Textiles - Processing/Texturising::Textiles
BLUECOAST::7227::Hotels &amp; Resorts::Tourism &amp; Hospitality
BLUEDART::8985::Couriers::Logistics
BLUESTARCO::13942::Air Conditioners::Consumer Durables
BODALCHEM::10710::Dyes &amp; Pigments::Chemicals
BOMDYEING::13931::Diversified::Diversified
BOROSIL::13928::Glass - Consumer::Glass
BOSCHLTD::11911::Auto Ancl - Engine Parts::Auto Ancillaries
BPCL::11941::Oil Refining &amp; Marketing::Gas &amp; Petroleum
BPL::10579::Electronics/Electricals::Consumer Durables
BRFL::17635::Textiles - General::Textiles
BRIGADE::20445::Real Estate::Real Estate
BRITANNIA::13934::FMCG Food &amp; Beverages::FMCG
BRNL::66744::Infrastructure - Roads/Tolls::Infrastructure
BROOKS::34403::Pharma - Indian::Pharmaceuticals
BSE::2809::Exchange::Financial Services
BSELINFRA::5300::Construction &amp; Contracting::Construction
BSL::13965::Textiles - Weaving::Textiles
BSOFT::4471::IT Consulting &amp; Software - Small Cap::IT Software
BURNPUR::18756::Cement - East::Cement
BUTTERFLY::10472::Domestic Appliances::Consumer Durables
BVCL::16927::Cement - East::Cement
BYKE::6708::Hotels &amp; Resorts::Tourism &amp; Hospitality
CADILAHC::3778::Pharma - Indian::Pharmaceuticals
CALSOFT::6043::IT Consulting &amp; Software - Micro Cap::IT Software
CAMLINFINE::18931::Chemicals - Others::Chemicals
CANBK::9218::Banks - Public Sector::Banks
CANDC::18353::Construction &amp; Contracting::Construction
CANFINHOME::13861::NBFC - Housing::NBFC
CANTABIL::32357::Branded Apparels::Apparels
CAPACITE::66812::Construction &amp; Contracting::Construction
CAPLIPOINT::8581::Pharma - Indian::Pharmaceuticals
CAPTRUST::8596::Financial Services - Misc::Financial Services
CARBORUNIV::13909::Abrasives And Grinding Wheels::Industrial Consumables
CAREERP::32275::Coaching/Study Material/Schools::Learning &amp; Education
CARERATING::42268::Rating Agency::Financial Services
CASTEXTECH::3638::Auto Ancl - Others::Auto Ancillaries
CASTROLIND::13577::Lubricants::Petrochemicals
CCHHL::8771::Hotels &amp; Resorts::Tourism &amp; Hospitality
CCL::7770::Tea / Coffee::Tea / Coffee
CDSL::4259::Depository::Financial Services
CEATLTD::13914::Tyres &amp; Tubes::Tyres
CEBBCO::32573::Miscellaneous::Miscellaneous
CELEBRITY::18633::Branded Apparels::Apparels
CELESTIAL::19750::Pharma - Indian::Pharmaceuticals
CENTENKA::13903::Textiles - Manmade Fibre - PFY/PSF::Textiles
CENTEXT::13904::Aluminium - Extrusions::Metals - Non Ferrous
CENTRALBK::11944::Banks - Public Sector::Banks
CENTRUM::4447::NBFC - Diversified::NBFC
CENTUM::8584::Electronics - Equipment/Components::Electric/Electronics
CENTURYPLY::2122::Laminates/Plywood/Boards::Building Materials
CENTURYTEX::13905::Cement - North::Cement
CERA::2721::Ceramics/Tiles/Sanitaryware::Building Materials
CEREBRAINT::3728::IT Networking Equipment::IT - Hardware
CESC::13911::Power - Integrated::Power
CESCVENT::69233::Holding - Diversified::Holding Company
CGCL::6183::NBFC - Diversified::NBFC
CGPOWER::13866::Electric Equipment/Components/Services::Electric/Electronics
CHALET::1850838::Hotels &amp; Resorts::Tourism &amp; Hospitality
CHAMBLFERT::10777::Fertilisers::Fertilisers
CHEMFAB::53390::Chemicals - Inorganic - Caustic Soda/Soda Ash::Chemicals
CHENNPETRO::11661::Refineries::Gas &amp; Petroleum
CHOLAFIN::12159::NBFC - Diversified::NBFC
CHOLAHLDNG::12889::Insurance - Non Life::Financial Services
CHROMATIC::8215::Dyes &amp; Pigments::Chemicals
CIGNITITEC::2820::IT Consulting &amp; Software - Small Cap::IT Software
CIMMCO::13882::Capital Goods - Railway::Engineering
CINELINE::18559::Miscellaneous::Miscellaneous
CINEVISTA::4155::Film/TV Production &amp; Distribution::Media &amp; Entertainment
CIPLA::13917::Pharma - Indian::Pharmaceuticals
CKFSL::1851455::Forex::Financial Services
CLEDUCATE::50116::Coaching/Study Material/Schools::Learning &amp; Education
CLNINDIA::13874::Chemicals - Diversified::Chemicals
CMICABLES::10789::Cables - Power/Others::Cables
CNOVAPETRO::33989::Textiles - General::Textiles
COALINDIA::11822::Mining/Minerals::Mining
COCHINSHIP::4529::Defence Contractor::Defence
COFFEEDAY::62120::Restaurant &amp; QSR::Tourism &amp; Hospitality
COLPAL::13873::Personal Care::FMCG
COMPINFO::1744::Computers - Accessories/Peripherals::IT - Hardware
COMPUSOFT::4358::IT Training Services::Services
CONCOR::4764::Warehousing/Supply Chain/Road Transport::Logistics
CONFIPET::8227::LPG Cylinder Manf/Bottling::Gas &amp; Petroleum
CONSOFINVT::11018::Holding - Diversified::Holding Company
CONTROLPR::10489::Computers - Accessories/Peripherals::IT - Hardware
CORALFINAC::6308::NBFC - Housing::NBFC
CORDSCABLE::20697::Cables - Power/Others::Cables
COROMANDEL::13851::Fertilisers::Fertilisers
CORPBANK::11804::Banks - Public Sector::Banks
COSMOFILMS::13854::Packaging - Metallic/Plastics/Others::Packaging
COUNCODOS::6143::Real Estate::Real Estate
COX&KINGS::30647::Travel Agen. / Tourism Deve. / Amusement Park::Tourism &amp; Hospitality
CREATIVE::65766::Computers - Accessories/Peripherals::IT - Hardware
CREATIVEYE::3637::Film/TV Production &amp; Distribution::Media &amp; Entertainment
CREDITACC::31253::NBFC - Micro Finance::NBFC
CREST::10512::Financial Services - Misc::Financial Services
CRISIL::11303::Rating Agency::Financial Services
CROMPTON::61335::Electronics/Electricals::Consumer Durables
CTE::14744::IT Consulting &amp; Software - Micro Cap::IT Software
CUB::7749::Banks - Private Sector::Banks
CUBEXTUB::10900::Metals - Non Ferrous - Copper/Zinc/Alloys - Products::Metals - Non Ferrous
CUMMINSIND::13471::Engines::Engineering
CUPID::7772::Contraceptives::Hospitals &amp; Allied Services
CURATECH::3727::IT Consulting &amp; Software - Micro Cap::IT Software
CYBERMEDIA::1066::Print Media::Media &amp; Entertainment
CYBERTECH::5485::IT Consulting &amp; Software - Small Cap::IT Software
CYIENT::4978::IT Consulting &amp; Software - Mid Cap::IT Software
DAAWAT::18545::Rice::Agro Processing
DABUR::11796::Personal Care::FMCG
DALBHARAT::1846307::Cement - South::Cement
DALMIASUG::13862::Sugar::Sugar
DAMODARIND::8506::Textiles - Spinning - Synthetic Blended::Textiles
DATAMATICS::3601::IT Consulting &amp; Software - Small Cap::IT Software
DBCORP::30711::Print Media::Media &amp; Entertainment
DBL::49439::Construction &amp; Contracting::Construction
DBREALTY::20813::Real Estate::Real Estate
DBSTOCKBRO::8270::Financial Services - Misc::Financial Services
DCAL::22179::Pharma - Indian::Pharmaceuticals
DCBBANK::4940::Banks - Private Sector::Banks
DCM::12125::Diversified::Diversified
DCMFINSERV::8733::Financial Services - Misc::Financial Services
DCMNVL::66708::Textiles - Misc::Textiles
DCMSHRIRAM::12125::Diversified::Diversified
DCW::13870::Petrochem - Others::Petrochemicals
DECCANCE::13863::Cement - South::Cement
DEEPAKFERT::13837::Fertilisers::Fertilisers
DEEPAKNTR::13838::Chemicals - Inorganic - Others::Chemicals
DEEPIND::15504::Oil Drilling And Exploration Services::Gas &amp; Petroleum
DELTACORP::9453::Gaming::Tourism &amp; Hospitality
DELTAMAGNT::13773::Electronics - Equipment/Components::Electric/Electronics
DEN::30425::Cable/DTH::Media &amp; Entertainment
DENORA::12747::Welding Consumables &amp; Equipment::Industrial Equipment
DFMFOODS::8318::FMCG Food &amp; Beverages::FMCG
DGCONTENT::1942056::Miscellaneous - Others::Miscellaneous
DHAMPURSUG::12782::Sugar::Sugar
DHANBANK::8970::Banks - Private Sector::Banks
DHANUKA::13830::Pesticides/Agro Chem::Pesticides/Agro Chemicals
DHARSUGAR::13821::Sugar::Sugar
DHFL::12024::NBFC - Housing::NBFC
DHUNINV::33198::Holding - Diversified::Holding Company
DIAMONDYD::62853::FMCG Food &amp; Beverages::FMCG
DIAPOWER::10714::Cables - Power/Others::Cables
DICIND::13888::Printing/Publishing/Stationery::Paper
DIGISPICE::13408::Telecommunications - Allied Services::Telecommunications
DIGJAMLTD::63084::Textiles - General::Textiles
DISHTV::20201::Cable/DTH::Media &amp; Entertainment
DIVISLAB::3635::Pharma - Indian::Pharmaceuticals
DIXON::61461::Electronics/Electricals::Consumer Durables
DLF::12393::Real Estate::Real Estate
DLINKINDIA::30772::IT Networking Equipment::IT - Hardware
DMART::45987::Supermarkets::Retail
DNAMEDIA::49786::Print Media::Media &amp; Entertainment
DOLAT::4494::Broking &amp; Allied Services::Financial Services
DOLLAR::65885::Branded Hosiery/Knitwear::Apparels
DOLPHINOFF::8704::Oil Drilling And Exploration Services::Gas &amp; Petroleum
DONEAR::4796::Textiles - Weaving::Textiles
DPSCLTD::12522::Power - Integrated::Power
DQE::31089::Film/TV Production &amp; Distribution::Media &amp; Entertainment
DREDGECORP::11773::Shipping - Allied Services::Shipping
DRREDDY::13841::Pharma - Indian::Pharmaceuticals
DSSL::3700::IT Consulting &amp; Software - Micro Cap::IT Software
DTIL::57791::Tea / Coffee::Tea / Coffee
DUCON::32988::IT Networking Equipment::IT - Hardware
DVL::11355::Plastic Intermediaries/Products::Plastics
DWARKESH::3589::Sugar::Sugar
DYNAMATECH::13816::Hydraulics::Engineering
DYNPRO::17799::Dyes &amp; Pigments::Chemicals
EASTSILK::11099::Textiles - Synthetic/Silk::Textiles
EASUNREYRL::11789::Electric Equipment/Components/Services::Electric/Electronics
ECLERX::20366::IT Enabled Services::IT Enabled Services
EDELWEISS::19100::NBFC - Diversified::NBFC
EDL::20315::Beverages &amp; Distilleries::Beverages - Alcoholic
EDUCOMP::17739::Services - Others::Services
EICHERMOT::13787::Auto - 2 &amp; 3 Wheelers::Auto
EIDPARRY::13818::Sugar::Sugar
EIHAHOTELS::13270::Hotels &amp; Resorts::Tourism &amp; Hospitality
EIHOTEL::13826::Hotels &amp; Resorts::Tourism &amp; Hospitality
EIMCOELECO::11753::Capital Goods - Others::Engineering
EKC::18643::Miscellaneous::Miscellaneous
ELAND::15746::Textiles - Weaving::Textiles
ELECON::13802::Capital Goods - Others::Engineering
ELECTCAST::13811::Castings/Foundry::Industrial Consumables
ELECTHERM::4571::Diversified::Diversified
ELGIEQUIP::13805::Compressors::Electric/Electronics
ELGIRUBCO::34404::Rubber Processing/Rubber Products::Rubber
EMAMILTD::5619::Personal Care::FMCG
EMAMIPAP::7060::Paper Manufacturer::Paper
EMAMIREAL::31845::Real Estate::Real Estate
EMCO::12414::Electric Equipment - Transformers::Electric/Electronics
EMKAY::16868::Broking &amp; Allied Services::Financial Services
EMMBI::30973::Packaging - Metallic/Plastics/Others::Packaging
ENDURANCE::38215::Auto Ancl - Others::Auto Ancillaries
ENERGYDEV::4595::Power Generation - Hydro::Power
ENGINERSIN::4582::Project Consultancy/Turnkey::Services
ENIL::18666::Radio Broadcasting &amp; Entertainment::Media &amp; Entertainment
EON::14826::Electronics/Electricals::Consumer Durables
EQUITAS::44332::Small Finance Bank::Banks
ERIS::55491::Pharma - Indian::Pharmaceuticals
EROSMEDIA::32234::Film/TV Production &amp; Distribution::Media &amp; Entertainment
ESABINDIA::13801::Welding Consumables &amp; Equipment::Industrial Equipment
ESCORTS::13761::Auto - Tractors::Auto
ESSARSHPNG::23260::Shipping::Shipping
ESSELPACK::13764::Packaging - Metallic/Plastics/Others::Packaging
ESTER::13796::Packaging - Metallic/Plastics/Others::Packaging
EUROCERA::15671::Ceramics/Tiles/Sanitaryware::Building Materials
EUROMULTI::29832::Electric Equipment/Components/Services::Electric/Electronics
EUROTEXIND::13798::Textiles - Spinning - Cotton Blended::Textiles
EVEREADY::12883::Dry Cells::Consumer Durables
EVERESTIND::13797::Building Materials - Others::Building Materials
EXCEL::731::Pesticides/Agro Chem::Pesticides/Agro Chemicals
EXCELINDUS::13778::Pesticides/Agro Chem::Pesticides/Agro Chemicals
EXIDEIND::13895::Auto Ancl - Batteries::Auto Ancillaries
EXPLEOSOL::29831::IT Consulting &amp; Software - Small Cap::IT Software
FACT::11995::Fertilisers::Fertilisers
FAIRCHEM::8120::Chemicals - Others::Chemicals
FCL::33348::Chemicals - Others::Chemicals
FCONSUMER::33818::FMCG Diversified::FMCG
FCSSOFT::2805::IT Consulting &amp; Software - Micro Cap::IT Software
FDC::11784::Pharma - Indian::Pharmaceuticals
FEDERALBNK::9211::Banks - Private Sector::Banks
FEL::11339::Diversified::Diversified
FIEMIND::18139::Auto Ancl - Equipment Lamp::Auto Ancillaries
FILATEX::10678::Textiles - Manmade Fibre - PFY/PSF::Textiles
FINCABLES::13759::Electronics/Electricals::Consumer Durables
FINEORG::67960::Chemicals - Organic - Others::Chemicals
FINPIPE::13760::Plastics - Pipes &amp; Fittings::Plastics
FLEXITUFF::34719::Packaging - Metallic/Plastics/Others::Packaging
FLFL::47561::Retail - Apparel/Accessories::Retail
FMGOETZE::13708::Auto Ancl - Engine Parts::Auto Ancillaries
FMNL::24325::Miscellaneous::Miscellaneous
FORCEMOT::14011::Auto - Cars/UV/CV::Auto
FORTIS::16648::Hospital::Hospitals &amp; Allied Services
FOSECOIND::11777::Chemicals - Organic - Others::Chemicals
FRETAIL::45395::Supermarkets::Retail
FSC::49560::Warehousing/Supply Chain/Road Transport::Logistics
FSL::99::IT Enabled Services::IT Enabled Services
GABRIEL::13763::Auto Ancl - Shock Absorber::Auto Ancillaries
GAEL::11435::Edible Oils &amp; Solvent Extraction::Agro Processing
GAIL::4845::Gas Distribution::Gas &amp; Petroleum
GAL::3790::Chemicals - Speciality - Others::Chemicals
GALAXYSURF::3790::Chemicals - Speciality - Others::Chemicals
GALLANTT::31453::Steel - Integrated::Metals - Ferrous
GALLISPAT::31453::Steel - Integrated::Metals - Ferrous
GAMMNINFRA::696::Infrastructure - Roads/Tolls::Infrastructure
GANDHITUBE::13730::Steel - Tubes/Pipes::Metals - Ferrous
GANECOS::12155::Miscellaneous::Miscellaneous
GANESHHOUC::10519::Real Estate::Real Estate
GANGESSECU::61406::Holding - Diversified::Holding Company
GANGOTRI::9102::Textiles - Spinning - Cotton Blended::Textiles
GARDENSILK::13734::Textiles - Weaving::Textiles
GARFIBRES::13723::Textiles - Technical::Textiles
GATI::4294::Couriers::Logistics
GAYAHWS::67440::Infrastructure - Roads/Tolls::Infrastructure
GAYAPROJ::18530::Infrastructure - Roads/Tolls::Infrastructure
GDL::13029::Warehousing/Supply Chain/Road Transport::Logistics
GEECEE::17795::Real Estate::Real Estate
GENESYS::4114::IT Consulting &amp; Software - Small Cap::IT Software
GENUSPAPER::43500::Paper Manufacturer::Paper
GENUSPOWER::7916::Electronics - Equipment/Components::Electric/Electronics
GEOJITFSL::6853::NBFC - Diversified::NBFC
GEPIL::3714::Power - Infrastructure::Power
GESHIP::13697::Shipping::Shipping
GET&D::13800::Power - Transmission Equipment::Power
GFLLIMITED::13641::Chemicals - Organic - Others::Chemicals
GFSTEELS::12105::Steel - Bright Bars::Metals - Ferrous
GHCL::13683::Chemicals - Inorganic - Caustic Soda/Soda Ash::Chemicals
GICHSGFIN::8464::NBFC - Housing::NBFC
GICRE::12266::Insurance - Reinsurance::Financial Services
GILLANDERS::13728::Diversified::Diversified
GILLETTE::13567::Personal Care::FMCG
GINNIFILA::13729::Textiles - Spinning - Cotton Blended::Textiles
GIPCL::11956::Power Generation - Thermal::Power
GISOLUTION::23599::IT Consulting &amp; Software - Micro Cap::IT Software
GKWLIMITED::13743::Miscellaneous::Miscellaneous
GLAXO::13657::FMCG Diversified::FMCG
GLENMARK::4255::Pharma - Indian::Pharmaceuticals
GLFL::12666::Financial Services - Misc::Financial Services
GLOBALVECT::14745::Airlines::Airlines
GLOBOFFS::13722::Shipping::Shipping
GLOBUSSPR::20794::Beverages &amp; Distilleries::Beverages - Alcoholic
GMBREW::8988::Beverages &amp; Distilleries::Beverages - Alcoholic
GMDCLTD::4653::Mining/Minerals::Mining
GMMPFAUDLR::13687::Capital Goods - Others::Engineering
GMRINFRA::1428::Infrastructure - Diversified::Infrastructure
GNA::65012::Auto Ancl - Engine Parts::Auto Ancillaries
GNFC::13673::Fertilisers::Fertilisers
GOACARBON::13716::Carbon Black::Tyres
GOCLCORP::13602::Industrial Explosives::Chemicals
GODFRYPHLP::13707::Cigarettes::Tobacco
GODREJAGRO::9771::Animal Feed/Processing::Agriculture/Horticulture/Livestock
GODREJCP::1908::Personal Care::FMCG
GODREJIND::11764::Diversified::Diversified
GODREJPROP::5733::Real Estate::Real Estate
GOENKA::31151::Diamond Cutting/Precious Metals/Jewellery::Gems and Jewellery
GOKEX::13003::Branded Apparels::Apparels
GOKUL::21324::Edible Oils &amp; Solvent Extraction::Agro Processing
GOKULAGRO::64019::Edible Oils &amp; Solvent Extraction::Agro Processing
GOLDENTOBC::13739::Cigarettes::Tobacco
GOLDIAM::8493::Diamond Cutting/Precious Metals/Jewellery::Gems and Jewellery
GOLDTECH::6603::IT Consulting &amp; Software - Micro Cap::IT Software
GOODLUCK::7735::Steel - Tubes/Pipes::Metals - Ferrous
GPIL::18027::Steel - Sponge Iron::Metals - Ferrous
GPPL::16230::Port Operator::Shipping
GPTINFRA::11492::Engineering - Civil Works::Engineering
GRANULES::6991::Pharma - Indian::Pharmaceuticals
GRAPHITE::13916::Electrodes - Graphite::Industrial Consumables
GRASIM::13696::Diversified::Diversified
GRAVITA::32785::Metals - Non Ferrous - Others::Metals - Non Ferrous
GREAVESCOT::13698::Engines::Engineering
GREENLAM::47614::Laminates/Plywood/Boards::Building Materials
GREENPLY::4809::Laminates/Plywood/Boards::Building Materials
GREENPOWER::32349::Power Generation - Wind::Power
GRINDWELL::13709::Abrasives And Grinding Wheels::Industrial Consumables
GROBTEA::12771::Tea / Coffee::Tea / Coffee
GRPLTD::11759::Rubber Processing/Rubber Products::Rubber
GRSE::4718::Shipping - Allied Services::Shipping
GRUH::11299::NBFC - Housing::NBFC
GSCLCEMENT::12627::Cement - North::Cement
GSFC::13678::Fertilisers::Fertilisers
GSKCONS::13657::FMCG Diversified::FMCG
GSPL::2101::Gas Distribution::Gas &amp; Petroleum
GSS::20802::IT Consulting &amp; Software - Small Cap::IT Software
GTL::16883::Telecommunications - Allied Services::Telecommunications
GTLINFRA::16883::Telecommunications - Allied Services::Telecommunications
GTNIND::11743::Textiles - Spinning - Cotton Blended::Textiles
GTNTEX::16929::Textiles - General::Textiles
GTPL::32586::Cable/DTH::Media &amp; Entertainment
GUFICBIO::11246::Pharma - Indian::Pharmaceuticals
GUJALKALI::13690::Chemicals - Inorganic - Caustic Soda/Soda Ash::Chemicals
GUJAPOLLO::10383::Capital Goods - Others::Engineering
GUJGASLTD::59030::Gas Distribution::Gas &amp; Petroleum
GUJRAFFIA::11091::Packaging - Metallic/Plastics/Others::Packaging
GULFOILLUB::56770::Lubricants::Petrochemicals
GULFPETRO::529::Lubricants::Petrochemicals
GULPOLY::14533::Chemicals - Others::Chemicals
GVKPIL::16060::Infrastructure - Diversified::Infrastructure
HAL::9206::Defence Contractor::Defence
HARITASEAT::13661::Auto Ancl - Others::Auto Ancillaries
HARRMALAYA::13662::Plantations - Rubber/Others::Rubber
HATHWAY::30990::Cable/DTH::Media &amp; Entertainment
HATSUN::6402::FMCG Dairy Products::FMCG
HAVELLS::10507::Electronics/Electricals::Consumer Durables
HAVISHA::6940::Miscellaneous::Miscellaneous
HBLPOWER::12111::Industrial Consumable - Others::Industrial Consumables
HBSL::12157::Financial Services - Misc::Financial Services
HCC::13654::Construction &amp; Contracting::Construction
HCG::45062::Hospital::Hospitals &amp; Allied Services
HCLTECH::4291::IT Consulting &amp; Software - Large Cap::IT Software
HDFC::9195::Banks - Private Sector::Banks
HDFCAMC::14723::AMC::Financial Services
HDFCBANK::9195::Banks - Private Sector::Banks
HDFCLIFE::3068::Insurance - Life::Financial Services
HDIL::18945::Real Estate::Real Estate
HEG::13630::Electrodes - Graphite::Industrial Consumables
HEIDELBERG::13339::Cement - Pan India::Cement
HERCULES::11318::Industrial Consumable - Others::Industrial Consumables
HERITGFOOD::8582::FMCG Dairy Products::FMCG
HEROMOTOCO::13636::Auto - 2 &amp; 3 Wheelers::Auto
HESTERBIO::9165::Livestock - Pharma::Agriculture/Horticulture/Livestock
HEXATRADEX::34887::Trading::Trading
HEXAWARE::4784::IT Consulting &amp; Software - Mid Cap::IT Software
HFCL::13649::Telecommunications - Equipment::Telecommunications
HGINFRA::67525::Infrastructure - Roads/Tolls::Infrastructure
HGS::19484::IT Enabled Services::IT Enabled Services
HIGHGROUND::11455::Engineering - Others::Engineering
HIKAL::8935::Pharma - Indian::Pharmaceuticals
HIL::13614::Building Materials - Others::Building Materials
HILTON::15821::Auto Ancl - Others::Auto Ancillaries
HIMATSEIDE::13651::Textiles - Synthetic/Silk::Textiles
HINDALCO::13637::Aluminium::Metals - Non Ferrous
HINDCOMPOS::13625::Auto Ancl - Dr. Trans &amp; Steer - Clutch::Auto Ancillaries
HINDCOPPER::11733::Metals - Non Ferrous - Copper/Zinc/Alloys - Products::Metals - Non Ferrous
HINDMOTORS::13617::Auto - Cars &amp; UV::Auto
HINDNATGLS::11723::Glass - Consumer::Glass
HINDOILEXP::12604::Oil Drilling And Exploration::Gas &amp; Petroleum
HINDPETRO::12078::Oil Refining &amp; Marketing::Gas &amp; Petroleum
HINDSYNTEX::13623::Textiles - Spinning - Synthetic Blended::Textiles
HINDUJAVEN::5318::Diversified::Diversified
HINDUNILVR::13616::Personal Care::FMCG
HINDZINC::11982::Metals - Non Ferrous - Copper/Zinc/Alloys - Products::Metals - Non Ferrous
HIRECT::13647::Electronics - Equipment/Components::Electric/Electronics
HISARMETAL::6634::Steel - General::Metals - Ferrous
HITECH::13655::Auto Ancl - Gears &amp; Drive::Auto Ancillaries
HITECHCORP::10640::Packaging - Metallic/Plastics/Others::Packaging
HITECHGEAR::13655::Auto Ancl - Gears &amp; Drive::Auto Ancillaries
HMT::11937::Auto - Tractors::Auto
HMVL::636::Print Media::Media &amp; Entertainment
HNDFDS::13646::Personal Care::FMCG
HONAUT::12915::Capital Goods - Diversified::Engineering
HONDAPOWER::13101::Electric Equipment - Gensets/Turbines::Electric/Electronics
HOTELEELA::13611::Hotels &amp; Resorts::Tourism &amp; Hospitality
HOTELRUGBY::8649::Hotels &amp; Resorts::Tourism &amp; Hospitality
HOVS::15319::Miscellaneous::Miscellaneous
HPL::45949::Electronics/Electricals::Consumer Durables
HSCL::11088::Chemicals - Others::Chemicals
HSIL::13621::Ceramics/Tiles/Sanitaryware::Building Materials
HTMEDIA::16087::Print Media::Media &amp; Entertainment
HUBTOWN::18870::Real Estate::Real Estate
HUDCO::4516::NBFC - Housing::NBFC
IBREALEST::19231::Real Estate::Real Estate
IBULHSGFIN::15580::NBFC - Housing::NBFC
IBULISL::24222::Insurance - Non Life::Financial Services
IBVENTURES::14852::NBFC - Consumer::NBFC
ICICIBANK::9194::Banks - Private Sector::Banks
ICICIGI::1883::Insurance - Non Life::Financial Services
ICICIPRULI::1898::Insurance - Life::Financial Services
ICIL::13576::Textiles - Furnishings/Terry Towels::Textiles
ICRA::1311::Rating Agency::Financial Services
ICSA::7264::IT Consulting &amp; Software - Micro Cap::IT Software
IDBI::11689::Banks - Public Sector::Banks
IDEA::3154::Telecommunications - Service::Telecommunications
IDFC::62245::Banks - Private Sector::Banks
IDFCFIRSTB::62245::Banks - Private Sector::Banks
IEX::20870::Exchange::Financial Services
IFBAGRO::13610::Beverages &amp; Distilleries::Beverages - Alcoholic
IFBIND::13568::Electronics/Electricals::Consumer Durables
IFCI::10625::Term Lending - General::Term Lending Institutions
IFGLEXPOR::41057::Refractories::Industrial Consumables
IGARASHI::11334::Auto Ancl - Others::Auto Ancillaries
IGL::751::Gas Distribution::Gas &amp; Petroleum
IGPL::12172::Chemicals - Organic - Maleic Anhydride::Chemicals
IIFL::13033::::
IITL::12239::NBFC - Diversified::NBFC
IL&FSENGG::19811::Construction &amp; Contracting::Construction
IL&FSTRANS::31106::Infrastructure - Roads/Tolls::Infrastructure
IMFA::11712::Metals - Ferrous - Others::Metals - Ferrous
IMPAL::12061::Trading::Trading
IMPEXFERRO::16155::Ferro Alloys::Metals - Non Ferrous
INDBANK::10521::Financial Services - Misc::Financial Services
INDHOTEL::13586::Hotels &amp; Resorts::Tourism &amp; Hospitality
INDIACEM::13550::Cement - South::Cement
INDIAGLYCO::13551::Chemicals - Organic - Alcohol Based::Chemicals
INDIAMART::50224::Services - Others::Services
INDIANB::8614::Banks - Public Sector::Banks
INDIANCARD::13572::Capital Goods - Textiles::Engineering
INDIANHUME::13587::Engineering - Civil Works::Engineering
INDIGO::60145::Airlines::Airlines
INDLMETER::8313::Electric Equipment - Transformers::Electric/Electronics
INDNIPPON::11709::Auto Ancl - Electrical::Auto Ancillaries
INDOCO::792::Pharma - Indian::Pharmaceuticals
INDORAMA::13541::Textiles - Spinning - Synthetic Blended::Textiles
INDOSOLAR::32201::Electric Equipment/Components/Services::Electric/Electronics
INDOSTAR::67869::NBFC - Vehicle Finance::NBFC
INDOTECH::15235::Power - Transmission Equipment::Power
INDOTHAI::34724::Financial Services - Misc::Financial Services
INDOWIND::728::Power Generation - Wind::Power
INDRAMEDCO::5015::Hospital::Hospitals &amp; Allied Services
INDSWFTLAB::4788::Pharma - Indian::Pharmaceuticals
INDSWFTLTD::9160::Pharma - Indian::Pharmaceuticals
INDTERRAIN::32651::Branded Apparels::Apparels
INDUSINDBK::9196::Banks - Private Sector::Banks
INEOSSTYRO::5::Petrochem - Polymers::Petrochemicals
INFIBEAM::64057::Services - Others::Services
INFOBEAN::59671::::
INFRATEL::22411::Telecommunications - Allied Services::Telecommunications
INFY::10960::IT Consulting &amp; Software - Large Cap::IT Software
INGERRAND::13558::Engineering - General::Engineering
INOXLEISUR::1886::Film/TV Production &amp; Distribution::Media &amp; Entertainment
INOXWIND::32069::Power Generation - Wind::Power
INSECTICID::19033::Pesticides/Agro Chem::Pesticides/Agro Chemicals
INSPIRISYS::1181::IT Consulting &amp; Software - Small Cap::IT Software
INTEGRA::13302::Capital Goods - Others::Engineering
INTELLECT::58859::IT Consulting &amp; Software - Mid Cap::IT Software
INTENTECH::4366::IT Consulting &amp; Software - Micro Cap::IT Software
INVENTURE::34185::Financial Services - Misc::Financial Services
IOB::11713::Banks - Public Sector::Banks
IOC::11924::Oil Refining &amp; Marketing::Gas &amp; Petroleum
IOLCP::7212::Pharma - Indian::Pharmaceuticals
IPAPPM::53::Paper Manufacturer::Paper
IPCALAB::10587::Pharma - Indian::Pharmaceuticals
IRB::66157::::
IRCON::11980::::
ISEC::5265::Broking &amp; Allied Services::Financial Services
ISFT::31138::IT Enabled Services::IT Enabled Services
ISMTLTD::1201::Steel - Rolling::Metals - Ferrous
ITC::13554::Cigarettes::Tobacco
ITDC::4594::Hotels &amp; Resorts::Tourism &amp; Hospitality
ITDCEM::13902::Construction &amp; Contracting::Construction
ITI::11699::Telecommunications - Equipment::Telecommunications
IVC::12694::Broking &amp; Allied Services::Financial Services
IVP::13555::Chemicals - Organic - Others::Chemicals
IVRCLINFRA::7670::Infrastructure - Roads/Tolls::Infrastructure
IZMO::4320::IT Consulting &amp; Software - Micro Cap::IT Software
J&KBANK::8611::Banks - Private Sector::Banks
JAGRAN::17767::Print Media::Media &amp; Entertainment
JAGSNPHARM::4745::Pharma - Indian::Pharmaceuticals
JAIBALAJI::17929::Steel - Sponge Iron::Metals - Ferrous
JAICORPLTD::8597::Real Estate::Real Estate
JAIHINDPRO::6918::Construction &amp; Contracting::Construction
JAINSTUDIO::5463::Media - Others::Media &amp; Entertainment
JAMNAAUTO::13547::Auto Ancl - Susp. &amp; Braking - Springs::Auto Ancillaries
JAYAGROGN::10759::Chemicals - Others::Chemicals
JAYBARMARU::13534::Auto Ancl - Others::Auto Ancillaries
JAYNECOIND::8499::Castings/Foundry::Industrial Consumables
JAYSREETEA::13516::Tea / Coffee::Tea / Coffee
JBCHEPHARM::13536::Pharma - Indian::Pharmaceuticals
JBFIND::13526::Textiles - Manmade Fibre - PFY/PSF::Textiles
JBMA::14081::Auto Ancl - Others::Auto Ancillaries
JCHAC::12710::Air Conditioners::Consumer Durables
JETAIRWAYS::4374::Airlines::Airlines
JHS::15363::Personal Care::FMCG
JIKIND::6985::Glass - Consumer::Glass
JINDALPHOT::15844::Miscellaneous::Miscellaneous
JINDALPOLY::8826::Packaging - Metallic/Plastics/Others::Packaging
JINDALSAW::13149::Steel - Tubes/Pipes::Metals - Ferrous
JINDALSTEL::4355::Steel - Integrated::Metals - Ferrous
JINDCOT::29554::Textiles - General::Textiles
JINDRILL::13518::Oil Drilling And Exploration Services::Gas &amp; Petroleum
JINDWORLD::5038::Textiles - General::Textiles
JISLJALEQS::13532::Micro Irrigation Systems::Irrigation &amp; Allied Services
JITFINFRA::38397::Infrastructure - Diversified::Infrastructure
JIYAECO::60643::Miscellaneous::Miscellaneous
JKCEMENT::16847::Cement - North::Cement
JKIL::20692::Infrastructure - Roads/Tolls::Infrastructure
JKLAKSHMI::12989::Cement - North::Cement
JKPAPER::11827::Paper Manufacturer::Paper
JKTYRE::13537::Tyres &amp; Tubes::Tyres
JMA::6323::Auto Ancl - Engine Parts::Auto Ancillaries
JMCPROJECT::7374::Construction &amp; Contracting::Construction
JMFINANCIL::12633::Broking &amp; Allied Services::Financial Services
JMTAUTOLTD::8966::Auto Ancl - Gears &amp; Drive::Auto Ancillaries
JOCIL::7875::Chemicals - Organic - Others::Chemicals
JPASSOCIAT::1481::Diversified::Diversified
JPINFRATEC::22426::Infrastructure - Roads/Tolls::Infrastructure
JPOLYINVST::48272::Holding - Diversified::Holding Company
JPPOWER::1513::Power Generation - Thermal::Power
JSL::61755::Steel - General::Metals - Ferrous
JSLHISAR::61755::Steel - General::Metals - Ferrous
JSWENERGY::19818::Power Generation - Thermal::Power
JSWHL::17007::Holding - Diversified::Holding Company
JSWSTEEL::8352::Steel - Integrated::Metals - Ferrous
JTEKTINDIA::13078::Auto Ancl - Gears &amp; Drive::Auto Ancillaries
JUBILANT::16224::Restaurant &amp; QSR::Tourism &amp; Hospitality
JUBLFOOD::16224::Restaurant &amp; QSR::Tourism &amp; Hospitality
JUBLINDS::33078::Diversified::Diversified
JUMPNET::6947::IT Consulting &amp; Software - Small Cap::IT Software
JUSTDIAL::45529::Services - Others::Services
JVLAGRO::10809::Edible Oils &amp; Solvent Extraction::Agro Processing
JYOTHYLAB::16356::Personal Care::FMCG
KABRAEXTRU::13504::Capital Goods - Others::Engineering
KAJARIACER::13489::Ceramics/Tiles/Sanitaryware::Building Materials
KAKATCEM::12309::Cement - South::Cement
KALPATPOWR::8534::Power - Infrastructure::Power
KALYANI::13492::Steel - Rolling::Metals - Ferrous
KALYANIFRG::10386::Auto Ancl - Others::Auto Ancillaries
KAMATHOTEL::8642::Hotels &amp; Resorts::Tourism &amp; Hospitality
KAMDHENU::16885::Steel - Bright Bars::Metals - Ferrous
KANANIIND::4303::Diamond Cutting/Precious Metals/Jewellery::Gems and Jewellery
KANORICHEM::13497::Chemicals - Organic - Alcohol Based::Chemicals
KANSAINER::13713::Paints/Varnishes::Building Materials
KARDA::67647::Real Estate::Real Estate
KARMAENG::34118::Power Generation - Wind::Power
KARURVYSYA::12258::Banks - Private Sector::Banks
KAUSHALYA::18752::Construction &amp; Contracting::Construction
KAVVERITEL::5036::Telecommunications - Equipment::Telecommunications
KAYA::21946::Retail - Wellness::Retail
KCP::13511::Cement - South::Cement
KCPSUGIND::4815::Sugar::Sugar
KDDL::11243::Watches::Consumer Durables
KEC::16054::Power Generation - Thermal::Power
KECL::12195::Electric Equipment/Components/Services::Electric/Electronics
KEI::8311::Cables - Power/Others::Cables
KELLTONTEC::8336::IT Consulting &amp; Software - Small Cap::IT Software
KENNAMET::12795::Engineering - General::Engineering
KERNEX::17732::IT Consulting &amp; Software - Micro Cap::IT Software
KESARENT::13494::Sugar::Sugar
KESORAMIND::13474::Diversified::Diversified
KEYFINSERV::8863::Financial Services - Misc::Financial Services
KGL::3604::Floriculture::Agriculture/Horticulture/Livestock
KHADIM::18029::Leather - Footwear/Accessories::Leather
KHAITANELE::13429::Electronics/Electricals::Consumer Durables
KHAITANLTD::11209::Trading::Trading
KHANDSE::5814::Financial Services - Misc::Financial Services
KICL::32926::Holding - Diversified::Holding Company
KILITCH::10573::Pharma - Indian::Pharmaceuticals
KINGFA::12727::Plastic Intermediaries/Products::Plastics
KIOCL::5088::Mining/Minerals::Mining
KIRIINDUS::21067::Dyes &amp; Pigments::Chemicals
KIRLOSBROS::13470::Irrigation - Pumps::Irrigation &amp; Allied Services
KIRLOSENG::29130::Engines::Engineering
KIRLOSIND::12574::Engines::Engineering
KITEX::6360::Branded Apparels::Apparels
KKCL::15299::Retail - Apparel/Accessories::Retail
KMSUGAR::17641::Sugar::Sugar
KNRCON::15274::Infrastructure - Roads/Tolls::Infrastructure
KOHINOOR::10177::Rice::Agro Processing
KOKUYOCMLN::13859::Printing/Publishing/Stationery::Paper
KOLTEPATIL::19423::Real Estate::Real Estate
KOPRAN::11077::Pharma - Indian::Pharmaceuticals
KOTAKBANK::12161::Banks - Private Sector::Banks
KOTARISUG::13464::Sugar::Sugar
KOTHARIPET::5350::Petrochem - Polymers::Petrochemicals
KOTHARIPRO::7988::Pan Masala/Tobacco Products::Tobacco
KPITTECH::69000::IT Consulting &amp; Software - Mid Cap::IT Software
KPRMILL::20138::Textiles - Composite Mills::Textiles
KRBL::7603::Rice::Agro Processing
KREBSBIO::10574::Pharma - Indian::Pharmaceuticals
KRIDHANINF::34103::Engineering - Civil Works::Engineering
KRISHANA::40463::Fertilisers::Fertilisers
KSB::13500::Irrigation - Pumps::Irrigation &amp; Allied Services
KSCL::20272::Seeds/Tissue Culture/Bio Technology::Agriculture/Horticulture/Livestock
KSERASERA::5338::Media - Others::Media &amp; Entertainment
KSK::21595::Power Generation - Thermal::Power
KSL::13492::Steel - Rolling::Metals - Ferrous
KTIL::24537::Warehousing/Supply Chain/Road Transport::Logistics
KTKBANK::12259::Banks - Private Sector::Banks
KWALITY::8222::FMCG Dairy Products::FMCG
L&TFH::30050::NBFC - Diversified::NBFC
LAKPRE::13445::Auto Ancl - Others::Auto Ancillaries
LAKSHVILAS::12257::Banks - Private Sector::Banks
LALPATHLAB::63225::Diagnostics::Hospitals &amp; Allied Services
LAMBODHARA::6511::Textiles - Spinning - Cotton Blended::Textiles
LAOPALA::8152::Glass - Consumer::Glass
LASA::65301::Chemicals - Others::Chemicals
LAURUSLABS::61545::Pharma - Indian::Pharmaceuticals
LAXMIMACH::13443::Capital Goods - Textiles::Engineering
LEMONTREE::33652::Hotels &amp; Resorts::Tourism &amp; Hospitality
LFIC::4176::Financial Services - Misc::Financial Services
LGBBROSLTD::11667::Auto Ancl - Others::Auto Ancillaries
LGBFORGE::21960::Auto Ancl - Others::Auto Ancillaries
LIBAS::65471::Branded Apparels::Apparels
LIBERTSHOE::9036::Leather - Footwear/Accessories::Leather
LICHSGFIN::10823::NBFC - Housing::NBFC
LINCOLN::6187::Pharma - Indian::Pharmaceuticals
LINCPEN::7041::Printing/Publishing/Stationery::Paper
LINDEINDIA::13590::Industrial Gases::Chemicals
LOKESHMACH::16048::Engineering - Others::Engineering
LOTUSEYE::21510::Hospital::Hospitals &amp; Allied Services
LOVABLE::33202::Branded Hosiery/Knitwear::Apparels
LPDC::22062::Construction &amp; Contracting::Construction
LSIL::64473::Steel - Others::Metals - Ferrous
LT::13447::Construction &amp; Engineering::Construction
LTI::3318::IT Consulting &amp; Software - Mid Cap::IT Software
LTTS::64987::IT Consulting &amp; Software - Mid Cap::IT Software
LUMAXIND::11904::Auto Ancl - Equipment Lamp::Auto Ancillaries
LUMAXTECH::18774::Auto Ancl - Others::Auto Ancillaries
LUPIN::10743::Pharma - Indian::Pharmaceuticals
LUXIND::21603::Branded Hosiery/Knitwear::Apparels
LYKALABS::11921::Pharma - Indian::Pharmaceuticals
LYPSAGEMS::4775::Diamond Cutting/Precious Metals/Jewellery::Gems and Jewellery
M&M::11898::Auto - Cars/UV/CV::Auto
M&MFIN::3540::NBFC - Consumer::NBFC
MAANALU::18693::Aluminium::Metals - Non Ferrous
MADHAV::65528::Metals - Non Ferrous - Copper/Zinc/Alloys - Products::Metals - Non Ferrous
MADHUCON::6422::Infrastructure - Diversified::Infrastructure
MADRASFERT::4801::Fertilisers::Fertilisers
MAGADSUGAR::61308::Sugar::Sugar
MAGMA::8917::NBFC - Diversified::NBFC
MAGNUM::19275::Paper Manufacturer::Paper
MAHAPEXLTD::11351::Financial Services - Misc::Financial Services
MAHASTEEL::10416::Steel - CR/HR Strips::Metals - Ferrous
MAHESHWARI::49702::Warehousing/Supply Chain/Road Transport::Logistics
MAHINDCIE::17103::Auto Ancl - Others::Auto Ancillaries
MAHLIFE::3527::Real Estate::Real Estate
MAHLOG::23241::Warehousing/Supply Chain/Road Transport::Logistics
MAHSCOOTER::11421::Holding - Diversified::Holding Company
MAHSEAMLES::12199::Steel - Seamless Tubes::Metals - Ferrous
MAITHANALL::2299::Ferro Alloys::Metals - Non Ferrous
MAJESCO::61223::IT Consulting &amp; Software - Small Cap::IT Software
MALUPAPER::15273::Paper Manufacturer::Paper
MANAKALUCO::34545::Aluminium::Metals - Non Ferrous
MANAKCOAT::34547::Aluminium - Sheets/Coils/Wires::Metals - Non Ferrous
MANAKSIA::2256::Packaging - Metallic/Plastics/Others::Packaging
MANAKSTEEL::34553::Steel - Integrated::Metals - Ferrous
MANALIPETC::11392::Petrochem - Polymers::Petrochemicals
MANAPPURAM::7134::NBFC - Gold::NBFC
MANGALAM::11894::Cement - North::Cement
MANGCHEFER::13420::Fertilisers::Fertilisers
MANGLMCEM::11894::Cement - North::Cement
MANGTIMBER::13419::Laminates/Plywood/Boards::Building Materials
MANINDS::11357::Steel - Tubes/Pipes::Metals - Ferrous
MANINFRA::22649::Construction &amp; Contracting::Construction
MANPASAND::45545::FMCG Food &amp; Beverages::FMCG
MANUGRAPH::12697::Engineering - Others::Engineering
MARALOVER::12181::Textiles - Spinning - Cotton Blended::Textiles
MARATHON::13280::Real Estate::Real Estate
MARICO::5886::Personal Care::FMCG
MARKSANS::10542::Pharma - Indian::Pharmaceuticals
MARUTI::11890::Auto - Cars/UV/CV::Auto
MASFIN::33203::NBFC - Diversified::NBFC
MASKINVEST::5004::Financial Services - Misc::Financial Services
MASTEK::11047::IT Consulting &amp; Software - Small Cap::IT Software
MATRIMONY::66811::Services - Others::Services
MAWANASUG::12127::Sugar::Sugar
MAXINDIA::62088::Holding - Diversified::Holding Company
MAXVIL::62089::Holding - Diversified::Holding Company
MAYURUNIQ::9003::Plastic Intermediaries/Products::Plastics
MAZDA::10860::Engineering - General::Engineering
MBAPL::50475::Fertilisers::Fertilisers
MBECL::8208::Engineering - Others::Engineering
MBLINFRA::30660::Construction &amp; Contracting::Construction
MCDHOLDING::17703::Holding - Diversified::Holding Company
MCLEODRUSS::13438::Tea / Coffee::Tea / Coffee
MCX::16571::Exchange::Financial Services
MEGASOFT::2542::IT Consulting &amp; Software - Micro Cap::IT Software
MEGH::16160::Pesticides/Agro Chem::Pesticides/Agro Chemicals
MELSTAR::4258::IT Consulting &amp; Software - Micro Cap::IT Software
MENONBE::10961::Auto Ancl - Bearings::Auto Ancillaries
MEP::59894::Infrastructure - Roads/Tolls::Infrastructure
MERCATOR::10139::Shipping::Shipping
METALFORGE::12140::Auto Ancl - Others::Auto Ancillaries
METKORE::19740::Ferro Alloys::Metals - Non Ferrous
METROPOLIS::16325::Diagnostics::Hospitals &amp; Allied Services
MFSL::13435::Insurance - Life::Financial Services
MGL::4331::Gas Distribution::Gas &amp; Petroleum
MHRIL::16639::Hotels &amp; Resorts::Tourism &amp; Hospitality
MIC::18167::Electronics - Equipment/Components::Electric/Electronics
MIDHANI::4499::Steel - Alloys/Special::Metals - Ferrous
MINDACORP::30624::Auto Ancl - Others::Auto Ancillaries
MINDAIND::5459::Auto Ancl - Electrical::Auto Ancillaries
MINDTECK::10609::IT Consulting &amp; Software - Small Cap::IT Software
MINDTREE::15673::IT Consulting &amp; Software - Mid Cap::IT Software
MIRCELECTR::11124::Electronics/Electricals::Consumer Durables
MIRZAINT::8965::Leather - Footwear/Accessories::Leather
MMFL::9024::Auto Ancl - Others::Auto Ancillaries
MMTC::11645::Trading::Trading
MODIRUBBER::13388::Tyres &amp; Tubes::Tyres
MOHITIND::11606::Textiles - Processing/Texturising::Textiles
MOHOTAIND::8077::Textiles - Composite Mills::Textiles
MOIL::4501::Mining/Minerals::Mining
MOLDTECH::10599::Diversified::Diversified
MOLDTKPAC::24724::Plastic Intermediaries/Products::Plastics
MONSANTO::13395::Seeds/Tissue Culture/Bio Technology::Agriculture/Horticulture/Livestock
MONTECARLO::58299::Branded Apparels::Apparels
MORARJEE::13048::Textiles - General::Textiles
MOREPENLAB::11215::Pharma - Indian::Pharmaceuticals
MOTHERSUMI::10878::Auto Ancl - Electrical::Auto Ancillaries
MOTILALOFS::18715::NBFC - Diversified::NBFC
MOTOGENFIN::11437::Financial Services - Misc::Financial Services
MPHASIS::8684::IT Consulting &amp; Software - Mid Cap::IT Software
MPSLTD::12458::Print Media::Media &amp; Entertainment
MRF::11381::Tyres &amp; Tubes::Tyres
MRO-TEK::3533::Telecommunications - Equipment::Telecommunications
MRPL::11391::Refineries::Gas &amp; Petroleum
MSPL::16827::Steel - Sponge Iron::Metals - Ferrous
MSTCLTD::4663::Trading::Trading
MTEDUCARE::37726::Coaching/Study Material/Schools::Learning &amp; Education
MTNL::12462::Telecommunications - Service::Telecommunications
MUKANDENGG::10267::Project Consultancy/Turnkey::Services
MUKANDLTD::13382::Steel - Alloys/Special::Metals - Ferrous
MUKTAARTS::3557::Film/TV Production &amp; Distribution::Media &amp; Entertainment
MUNJALAU::13700::Auto Ancl - Others::Auto Ancillaries
MUNJALSHOW::13385::Auto Ancl - Shock Absorber::Auto Ancillaries
MURUDCERA::13394::Ceramics/Tiles/Sanitaryware::Building Materials
MUTHOOTCAP::8235::NBFC - Diversified::NBFC
MUTHOOTFIN::33218::NBFC - Gold::NBFC
MVL::21556::Construction &amp; Contracting::Construction
NACLIND::8650::Pesticides/Agro Chem::Pesticides/Agro Chemicals
NAGAFERT::31835::Fertilisers::Fertilisers
NAGAROIL::37639::Oil Drilling And Exploration Services::Gas &amp; Petroleum
NAGREEKCAP::19656::Financial Services - Misc::Financial Services
NAGREEKEXP::10303::Textiles - Spinning - Cotton Blended::Textiles
NAHARCAP::18395::Financial Services - Misc::Financial Services
NAHARINDUS::13317::Textiles - Composite Mills::Textiles
NAHARPOLY::12676::Textiles - Spinning - Cotton Blended::Textiles
NAHARSPING::13336::Branded Hosiery/Knitwear::Apparels
NATCOPHARM::8305::Pharma - Indian::Pharmaceuticals
NATHBIOGEN::50720::Seeds/Tissue Culture/Bio Technology::Agriculture/Horticulture/Livestock
NATIONALUM::11997::Aluminium::Metals - Non Ferrous
NATNLSTEEL::13368::Trading::Trading
NAUKRI::18352::Services - Others::Services
NAVINFLUOR::16681::Chemicals - Others::Chemicals
NAVKARCORP::61354::Warehousing/Supply Chain/Road Transport::Logistics
NAVNETEDUL::12527::Printing/Publishing/Stationery::Paper
NBCC::4531::Construction &amp; Contracting::Construction
NBIFIN::4924::Financial Services - Misc::Financial Services
NBVENTURES::12669::Diversified::Diversified
NCC::11234::Construction &amp; Contracting::Construction
NCLIND::13357::Cement - South::Cement
NDGL::11620::Holding - Diversified::Holding Company
NDL::19004::Textiles - Denim::Textiles
NDTV::16783::TV Broadcasting &amp; Software Production::Media &amp; Entertainment
NECCLTD::2390::Warehousing/Supply Chain/Road Transport::Logistics
NECLIFE::16819::Pharma - Indian::Pharmaceuticals
NELCAST::16164::Auto Ancl - Others::Auto Ancillaries
NELCO::13370::Telecommunications - Allied Services::Telecommunications
NEOGEN::1942599::Chemicals - Others::Chemicals
NESCO::12132::Real Estate::Real Estate
NESTLEIND::13330::FMCG Food &amp; Beverages::FMCG
NETWORK18::15747::Media &amp; Entertainment - Holding::Media &amp; Entertainment
NEULANDLAB::9051::Pharma - Indian::Pharmaceuticals
NEWGEN::2825::IT Consulting &amp; Software - Small Cap::IT Software
NEXTMEDIA::2610::Radio Broadcasting &amp; Entertainment::Media &amp; Entertainment
NFL::11632::Fertilisers::Fertilisers
NH::12536::Power Generation - Hydro::Power
NHPC::12536::Power Generation - Hydro::Power
NIACL::4285::Insurance - Non Life::Financial Services
NIBL::41082::Bearings::Industrial Consumables
NIITLTD::10952::IT Training Services::Services
NIITTECH::858::IT Consulting &amp; Software - Mid Cap::IT Software
NILAINFRA::7831::Construction &amp; Contracting::Construction
NILASPACES::68090::Real Estate::Real Estate
NILKAMAL::12002::Plastic Intermediaries/Products::Plastics
NIPPOBATRY::13564::Dry Cells::Consumer Durables
NIRAJISPAT::65251::Miscellaneous - Others::Miscellaneous
NITCO::16016::Ceramics/Tiles/Sanitaryware::Building Materials
NITESHEST::31271::Real Estate::Real Estate
NITINFIRE::20139::Miscellaneous::Miscellaneous
NITINSPIN::17841::Textiles - Spinning - Cotton Blended::Textiles
NKIND::9033::Edible Oils &amp; Solvent Extraction::Agro Processing
NLCINDIA::12317::Power Generation - Thermal::Power
NMDC::11633::Mining/Minerals::Mining
NOCIL::13325::Chemicals - Speciality - Others::Chemicals
NOIDATOLL::4318::Infrastructure - Roads/Tolls::Infrastructure
NORBTEAEXP::9155::Tea / Coffee::Tea / Coffee
NRAIL::4968::Paper Manufacturer::Paper
NRBBEARING::7942::Auto Ancl - Bearings::Auto Ancillaries
NSIL::13521::Holding - Diversified::Holding Company
NTL::18923::Power - Transmission Equipment::Power
NTPC::12316::Power Generation - Thermal::Power
NUCLEUS::7142::IT Consulting &amp; Software - Small Cap::IT Software
OAL::13860::Chemicals - Organic - Others::Chemicals
OBEROIRLTY::32621::Real Estate::Real Estate
OCCL::13320::Carbon Black::Tyres
OFSS::3160::IT Consulting &amp; Software - Mid Cap::IT Software
OIL::11599::Oil Drilling And Exploration::Gas &amp; Petroleum
OILCOUNTUB::13349::Steel - Tubes/Pipes::Metals - Ferrous
OISL::18553::Steel - Integrated::Metals - Ferrous
OLECTRA::1510::Electric Equipment/Components/Services::Electric/Electronics
OMAXAUTO::13323::Auto Ancl - Others::Auto Ancillaries
OMAXE::15334::Real Estate::Real Estate
OMKARCHEM::33231::Chemicals - Others::Chemicals
OMMETALS::7382::Diversified::Diversified
ONELIFECAP::34725::Financial Services - Misc::Financial Services
ONEPOINT::67273::IT Enabled Services::IT Enabled Services
ONGC::11599::Oil Drilling And Exploration::Gas &amp; Petroleum
ONMOBILE::20724::IT Consulting &amp; Software - Small Cap::IT Software
ONWARDTEC::8570::IT Consulting &amp; Software - Small Cap::IT Software
OPTIEMUS::8110::Telecommunications - Equipment::Telecommunications
OPTOCIRCUI::3334::Medical Equipment &amp; Accessories::Hospitals &amp; Allied Services
ORBTEXP::8428::Textiles - Weaving::Textiles
ORICONENT::13359::Diversified::Diversified
ORIENTABRA::13345::Abrasives And Grinding Wheels::Industrial Consumables
ORIENTALTL::15743::Granites/Marbles::Mining
ORIENTBANK::8944::Banks - Public Sector::Banks
ORIENTBELL::5055::Ceramics/Tiles/Sanitaryware::Building Materials
ORIENTCEM::41253::Cement - South::Cement
ORIENTELEC::66440::Electronics/Electricals::Consumer Durables
ORIENTHOT::13321::Hotels &amp; Resorts::Tourism &amp; Hospitality
ORIENTLTD::10444::Packaging - Metallic/Plastics/Others::Packaging
ORIENTPPR::13319::Paper Manufacturer::Paper
ORIENTREF::34738::Refractories::Industrial Consumables
ORISSAMINE::412::Mining/Minerals::Mining
ORTEL::50052::Cable/DTH::Media &amp; Entertainment
ORTINLABSS::3789::Pharma - Indian::Pharmaceuticals
OSWALAGRO::13315::Holding - Diversified::Holding Company
PAEL::13210::Auto Ancl - Batteries::Auto Ancillaries
PAGEIND::762::Branded Hosiery/Knitwear::Apparels
PAISALO::5947::NBFC - Other::NBFC
PALASHSECU::61454::Holding - Diversified::Holding Company
PALREDTEC::747::IT Consulting &amp; Software - Micro Cap::IT Software
PANACEABIO::6967::Pharma - Indian::Pharmaceuticals
PANAMAPET::8228::Petrochem - Others::Petrochemicals
PAPERPROD::13313::Packaging - Metallic/Plastics/Others::Packaging
PARABDRUGS::31489::Pharma - Indian::Pharmaceuticals
PARACABLES::7830::Cables - Power/Others::Cables
PARAGMILK::45605::FMCG Dairy Products::FMCG
PARSVNATH::15609::Real Estate::Real Estate
PATELENG::4443::Construction &amp; Contracting::Construction
PATINTLOG::10144::Warehousing/Supply Chain/Road Transport::Logistics
PATSPINLTD::10300::Textiles - Spinning - Cotton Blended::Textiles
PCJEWELLER::42269::Jewellery Retail::Gems and Jewellery
PDMJEPAPER::61577::Paper Manufacturer::Paper
PDPL::8892::Pharma - Indian::Pharmaceuticals
PDSMFL::41675::Miscellaneous::Miscellaneous
PEARLPOLY::13304::Plastic Intermediaries/Products::Plastics
PEL::13332::Diversified::Diversified
PENIND::13284::Steel - CR/HR Strips::Metals - Ferrous
PENINLAND::13404::Real Estate::Real Estate
PERSISTENT::21519::IT Consulting &amp; Software - Mid Cap::IT Software
PETRONENGG::7993::Engineering - Others::Engineering
PETRONET::4495::Gas Storage &amp; Distribution::Gas &amp; Petroleum
PFC::4519::Term Lending - Power::Term Lending Institutions
PFIZER::13274::Pharma - MNC::Pharmaceuticals
PFOCUS::18097::Film/TV Production &amp; Distribution::Media &amp; Entertainment
PFS::19509::Term Lending - Power::Term Lending Institutions
PGEL::34598::Electronics - Equipment/Components::Electric/Electronics
PGHH::13253::Personal Care::FMCG
PGHL::13819::Pharma - MNC::Pharmaceuticals
PGIL::18329::Branded Apparels::Apparels
PHILIPCARB::13276::Carbon Black::Tyres
PHOENIXLTD::12358::Real Estate::Real Estate
PIDILITIND::10460::Diversified::Diversified
PIIND::10357::Pesticides/Agro Chem::Pesticides/Agro Chemicals
PILANIINVS::12056::Holding - Diversified::Holding Company
PILITA::11062::Plastic Intermediaries/Products::Plastics
PIONDIST::5584::Beverages &amp; Distilleries::Beverages - Alcoholic
PIONEEREMB::10663::Branded Hosiery/Knitwear::Apparels
PIRPHYTO::21455::Pharma - Indian::Pharmaceuticals
PITTIENG::8609::Castings/Foundry::Industrial Consumables
PKTEA::12483::Tea / Coffee::Tea / Coffee
PLASTIBLEN::11213::Plastic Intermediaries/Products::Plastics
PNB::11585::Banks - Public Sector::Banks
PNBGILTS::4156::Broking &amp; Allied Services::Financial Services
PNBHOUSING::4749::NBFC - Housing::NBFC
notePNC::33621::Infrastructure - Roads/Tolls::Infrastructure
PNCINFRA::33621::Infrastructure - Roads/Tolls::Infrastructure
PODDARHOUS::11648::Real Estate::Real Estate
PODDARMENT::9017::Dyes &amp; Pigments::Chemicals
POKARNA::6850::Granites/Marbles::Mining
POLYCAB::33820::Electronics/Electricals::Consumer Durables
POLYMED::4586::Medical Equipment &amp; Accessories::Hospitals &amp; Allied Services
POLYPLEX::13282::Packaging - Metallic/Plastics/Others::Packaging
PONNIERODE::3211::Sugar::Sugar
POWERGRID::4628::Power - Transmission::Power
POWERMECH::61181::Project Consultancy/Turnkey::Services
PPAP::20507::Auto Ancl - Others::Auto Ancillaries
PPL::1942055::Plastics - Pipes &amp; Fittings::Plastics
PRABHAT::40894::FMCG Dairy Products::FMCG
PRADIP::31097::Textiles - General::Textiles
PRAENG::6170::Construction &amp; Contracting::Construction
PRAJIND::10378::Capital Goods - Others::Engineering
PRAKASH::13269::Steel - Integrated::Metals - Ferrous
PRAKASHSTL::31869::Steel - Tubes/Pipes::Metals - Ferrous
PRAXIS::67236::Retail - Speciality::Retail
PRECAM::43060::Auto Ancl - Others::Auto Ancillaries
PRECOT::12784::Textiles - Spinning - Cotton Blended::Textiles
PRECWIRE::11310::Metals - Non Ferrous - Copper/Zinc/Alloys - Products::Metals - Non Ferrous
PREMEXPLN::10260::Industrial Explosives::Chemicals
PREMIER::10260::Industrial Explosives::Chemicals
PREMIERPOL::10165::Plastics - Sheets/Films::Plastics
PRESSMN::13261::Media - Others::Media &amp; Entertainment
PRESTIGE::32683::Real Estate::Real Estate
PRICOLLTD::53509::Auto Ancl - Others::Auto Ancillaries
PRIMESECU::9152::Broking &amp; Allied Services::Financial Services
PROSEED::14829::Seeds/Tissue Culture/Bio Technology::Agriculture/Horticulture/Livestock
PROVOGE::16815::Retail - Apparel/Accessories::Retail
PROZONINTU::37676::Real Estate::Real Estate
PRSMJOHNSN::8255::Cement - North::Cement
PSB::11582::Banks - Public Sector::Banks
PSL::8240::Steel - Tubes/Pipes::Metals - Ferrous
PSPPROJECT::65982::Construction &amp; Contracting::Construction
PTC::3145::Power - Trading &amp; Allied Services::Power
PTL::13259::Holding - Diversified::Holding Company
PUNJABCHEM::13247::Pesticides/Agro Chem::Pesticides/Agro Chemicals
PUNJLLOYD::18609::Infrastructure - Diversified::Infrastructure
PURVA::20136::Real Estate::Real Estate
PVR::16320::Film/TV Production &amp; Distribution::Media &amp; Entertainment
QUESS::55515::Services - Others::Services
QUICKHEAL::49992::IT Consulting &amp; Software - Small Cap::IT Software
QUINTEGRA::4343::IT Consulting &amp; Software - Micro Cap::IT Software
RADAAN::15378::Film/TV Production &amp; Distribution::Media &amp; Entertainment
RADICO::12315::Beverages &amp; Distilleries::Beverages - Alcoholic
RADIOCITY::50029::Radio Broadcasting &amp; Entertainment::Media &amp; Entertainment
RAIN::13252::Chemicals - Speciality - Others::Chemicals
RAJESHEXPO::6650::Diamond Cutting/Precious Metals/Jewellery::Gems and Jewellery
RAJRAYON::7718::Textiles - Processing/Texturising::Textiles
RAJSREESUG::13231::Sugar::Sugar
RAJTV::15767::TV Broadcasting &amp; Software Production::Media &amp; Entertainment
RAJVIR::17589::Textiles - General::Textiles
RALLIS::13204::Pesticides/Agro Chem::Pesticides/Agro Chemicals
RAMANEWS::11165::Paper Manufacturer::Paper
RAMASTEEL::1785::Steel - Tubes/Pipes::Metals - Ferrous
RAMCOCEM::11377::Cement - South::Cement
RAMCOIND::11557::Building Materials - Others::Building Materials
RAMCOSYS::3616::IT Consulting &amp; Software - Small Cap::IT Software
RAMKY::15558::Construction &amp; Contracting::Construction
RANASUG::10661::Sugar::Sugar
RANEENGINE::21609::Auto Ancl - Engine Parts::Auto Ancillaries
RANEHOLDIN::13219::Holding - Auto::Holding Company
RATNAMANI::10915::Steel - Tubes/Pipes::Metals - Ferrous
RAYMOND::13214::Textiles - Integrated::Textiles
RBL::7750::Banks - Private Sector::Banks
RBLBANK::7750::Banks - Private Sector::Banks
RCF::11948::Fertilisers::Fertilisers
RCOM::15279::Telecommunications - Service::Telecommunications
RECLTD::4616::Term Lending - Power::Term Lending Institutions
REDINGTON::18903::IT Networking Equipment::IT - Hardware
REFEX::20073::Industrial Gases::Chemicals
REGENCERAM::13184::Ceramics/Tiles/Sanitaryware::Building Materials
RELAXO::7829::Leather - Footwear/Accessories::Leather
RELCAPITAL::13189::NBFC - Diversified::NBFC
RELIANCE::13215::Diversified::Diversified
RELIGARE::20026::NBFC - Diversified::NBFC
RELINFRA::13922::Infrastructure - Diversified::Infrastructure
REMSONSIND::7542::Auto Ancl - Susp. &amp; Braking - Springs::Auto Ancillaries
RENUKA::18608::Sugar::Sugar
REPCOHOME::44856::NBFC - Housing::NBFC
REPRO::2651::Printing/Publishing/Stationery::Paper
RESPONIND::4266::Plastic Intermediaries/Products::Plastics
RGL::16916::Diamond Cutting/Precious Metals/Jewellery::Gems and Jewellery
RHFL::57942::NBFC - Housing::NBFC
RICOAUTO::13205::Auto Ancl - Dr. Trans &amp; Steer - Others::Auto Ancillaries
RIIL::12097::Diversified::Diversified
RITES::18469::Project Consultancy/Turnkey::Services
RKDL::33055::Beverages &amp; Distilleries::Beverages - Alcoholic
RKFORGE::16774::Auto Ancl - Others::Auto Ancillaries
RMCL::17766::Miscellaneous::Miscellaneous
RML::16820::Auto Ancl - Dr. Trans &amp; Steer - Others::Auto Ancillaries
RNAM::5449::AMC::Financial Services
RNAVAL::29687::Shipping - Allied Services::Shipping
ROHITFERRO::15298::Ferro Alloys::Metals - Non Ferrous
ROHLTD::17843::Hotels &amp; Resorts::Tourism &amp; Hospitality
ROLLT::13165::Packaging - Metallic/Plastics/Others::Packaging
ROLTA::12663::IT Consulting &amp; Software - Micro Cap::IT Software
ROSSELLIND::4800::Diversified::Diversified
RPGLIFE::21505::Pharma - Indian::Pharmaceuticals
RPOWER::4422::Power Generation - Thermal::Power
RPPINFRA::32964::Construction &amp; Contracting::Construction
RSSOFTWARE::10490::IT Consulting &amp; Software - Micro Cap::IT Software
RSWM::13232::Textiles - Spinning - Synthetic Blended::Textiles
RSYSTEMS::16240::IT Consulting &amp; Software - Small Cap::IT Software
RTNINFRA::35638::Miscellaneous::Miscellaneous
RTNPOWER::24320::Power Generation - Thermal::Power
RUBYMILLS::12353::Textiles - Composite Mills::Textiles
RUCHINFRA::7748::Miscellaneous::Miscellaneous
RUCHIRA::18210::Paper Manufacturer::Paper
RUCHISOYA::13169::Edible Oils &amp; Solvent Extraction::Agro Processing
RUPA::4994::Branded Hosiery/Knitwear::Apparels
RUSHIL::32206::Laminates/Plywood/Boards::Building Materials
RVNL::18466::Construction &amp; Contracting::Construction
SABEVENTS::63176::Print Media::Media &amp; Entertainment
SABTN::7486::Film/TV Production &amp; Distribution::Media &amp; Entertainment
SADBHAV::17871::Infrastructure - Roads/Tolls::Infrastructure
SADBHIN::30247::Infrastructure - Diversified::Infrastructure
SAGARDEEP::64202::Metals - Non Ferrous - Copper/Zinc/Alloys - Products::Metals - Non Ferrous
SAGCEM::13120::Cement - South::Cement
SAIL::11974::Steel - Integrated::Metals - Ferrous
SAKAR::56123::Hospital::Hospitals &amp; Allied Services
SAKHTISUG::13135::Sugar::Sugar
SAKSOFT::13045::IT Consulting &amp; Software - Small Cap::IT Software
SAKUMA::16050::Trading::Trading
SALASAR::39695::Industrial Consumable - Others::Industrial Consumables
SALONA::5648::Textiles - Spinning - Cotton Blended::Textiles
SALSTEEL::1090::Steel - Others::Metals - Ferrous
SALZERELEC::12008::Electric Equipment/Components/Services::Electric/Electronics
SAMBHAAV::7037::Print Media::Media &amp; Entertainment
SANCO::12780::Warehousing/Supply Chain/Road Transport::Logistics
SANDESH::8483::Print Media::Media &amp; Entertainment
SANDHAR::46114::Auto Ancl - Others::Auto Ancillaries
SANGAMIND::10906::Textiles - Spinning - Synthetic Blended::Textiles
SANGHIIND::7115::Cement - North::Cement
SANGHVIFOR::33891::Auto Ancl - Others::Auto Ancillaries
SANGHVIMOV::7978::Industrial Equipment - Others::Industrial Equipment
SANGINITA::39765::Chemicals - Organic - Others::Chemicals
SANOFI::13607::Pharma - MNC::Pharmaceuticals
SANWARIA::10766::Agro Processing - Others::Agro Processing
SARDAEN::13229::Steel - Sponge Iron::Metals - Ferrous
SAREGAMA::13704::Media - Others::Media &amp; Entertainment
SARLAPOLY::8081::Textiles - Processing/Texturising::Textiles
SASKEN::3605::IT Consulting &amp; Software - Small Cap::IT Software
SASTASUNDR::32314::Financial Services - Misc::Financial Services
SATHAISPAT::10841::Steel - Pig Iron::Metals - Ferrous
SATIA::18522::Paper Manufacturer::Paper
SATIN::5590::NBFC - Micro Finance::NBFC
SBILIFE::2898::Insurance - Life::Financial Services
SBIN::11984::Banks - Public Sector::Banks
SCHAEFFLER::13780::Bearings::Industrial Consumables
SCHAND::65883::Printing/Publishing/Stationery::Paper
SCHNEIDER::37311::Electric Equipment - Switchgear/Circuit Breaker::Electric/Electronics
SCI::11972::Shipping::Shipping
SDBL::8890::Beverages &amp; Distilleries::Beverages - Alcoholic
SEAMECLTD::8233::Shipping - Allied Services::Shipping
SELAN::8508::Oil Drilling And Exploration::Gas &amp; Petroleum
SELMCL::19820::Textiles - General::Textiles
SEPOWER::41007::Miscellaneous::Miscellaneous
SEQUENT::3782::Pharma - Indian::Pharmaceuticals
SESHAPAPER::13112::Paper Manufacturer::Paper
SETCO::12014::Auto Ancl - Dr. Trans &amp; Steer - Clutch::Auto Ancillaries
SETUINFRA::34681::Construction &amp; Contracting::Construction
SEYAIND::10806::Chemicals - Organic - Benzene Based::Chemicals
SFL::61459::Consumer Durables - Others::Consumer Durables
SGL::15272::Textiles - General::Textiles
SHAHALLOYS::11022::Steel - Alloys/Special::Metals - Ferrous
SHAKTIPUMP::6576::Irrigation - Pumps::Irrigation &amp; Allied Services
SHALBY::67250::Hospital::Hospitals &amp; Allied Services
SHALPAINTS::13126::Paints/Varnishes::Building Materials
SHANKARA::65742::Retail - Speciality::Retail
SHANTIGEAR::13127::Auto Ancl - Gears &amp; Drive::Auto Ancillaries
SHARDACROP::57414::Pesticides/Agro Chem::Pesticides/Agro Chemicals
SHARDAMOTR::2123::Auto Ancl - Others::Auto Ancillaries
SHEMAROO::57482::Film/TV Production &amp; Distribution::Media &amp; Entertainment
SHILPAMED::7974::Pharma - Indian::Pharmaceuticals
SHIRPUR-G::5756::Mining/Minerals::Mining
SHIVAMAUTO::19365::Auto Ancl - Others::Auto Ancillaries
SHIVAMILLS::53711::Textiles - General::Textiles
SHIVATEX::58::Textiles - Spinning - Cotton Blended::Textiles
SHK::39503::Chemicals - Others::Chemicals
SHOPERSTOP::2646::Retail - Apparel/Accessories::Retail
SHREDIGCEM::13103::Cement - North::Cement
SHREECEM::13129::Cement - North::Cement
SHREEPUSHK::61359::Chemicals - Others::Chemicals
SHREERAMA::4407::Packaging - Metallic/Plastics/Others::Packaging
SHRENIK::66320::Trading::Trading
SHREYANIND::12307::Paper Manufacturer::Paper
SHREYAS::8578::Shipping::Shipping
SHRIPISTON::12521::Auto Ancl - Engine Parts::Auto Ancillaries
SHRIRAMCIT::8699::NBFC - Diversified::NBFC
SHRIRAMEPC::20750::Project Consultancy/Turnkey::Services
SHYAMCENT::60265::Ferro Alloys::Metals - Non Ferrous
SHYAMTEL::10241::Telecommunications - Equipment::Telecommunications
SICAGEN::18348::Trading::Trading
SICAL::12569::Warehousing/Supply Chain/Road Transport::Logistics
SIEMENS::13102::Capital Goods - Diversified::Engineering
SIGIND::4201::Petrochem - Polymers::Petrochemicals
SIL::13665::Holding - Diversified::Holding Company
SILINV::13665::Holding - Diversified::Holding Company
SIMBHALS::42186::Sugar::Sugar
SIMPLEXINF::10948::Construction &amp; Contracting::Construction
SINTEX::65921::Plastic Intermediaries/Products::Plastics
SIRCA::67933::Paints/Varnishes::Building Materials
SIS::46514::Services - Others::Services
SITASHREE::20647::FMCG Others::FMCG
SITINET::18878::Cable/DTH::Media &amp; Entertainment
SIYSIL::13098::Textiles - Weaving::Textiles
SJVN::18460::Power Generation - Hydro::Power
SKFINDIA::13139::Auto Ancl - Bearings::Auto Ancillaries
SKIL::3020::Infrastructure - Diversified::Infrastructure
SKIPPER::56366::Capital Goods - Power::Engineering
SKMEGGPROD::5030::Livestock - Hatcheries/Poultry::Agriculture/Horticulture/Livestock
SMARTLINK::3354::Holding - Diversified::Holding Company
SMLISUZU::12961::Auto - Cars &amp; UV::Auto
SMPL::11032::Steel - Rolling::Metals - Ferrous
SMSLIFE::65362::Pharma - Indian::Pharmaceuticals
SMSPHARMA::15744::Pharma - Indian::Pharmaceuticals
SNOWMAN::41914::Warehousing/Supply Chain/Road Transport::Logistics
SOBHA::19352::Real Estate::Real Estate
SOLARA::66903::Pharma - Indian::Pharmaceuticals
SOLARINDS::15283::Industrial Explosives::Chemicals
SOMANYCERA::13077::Ceramics/Tiles/Sanitaryware::Building Materials
SOMATEX::10765::Textiles - Composite Mills::Textiles
SOMICONVEY::21525::Engineering - Others::Engineering
SONATSOFTW::4558::IT Consulting &amp; Software - Mid Cap::IT Software
SORILINFRA::17663::Insurance - Non Life::Financial Services
SOTL::9128::Lubricants::Petrochemicals
SOUTHBANK::12249::Banks - Private Sector::Banks
SOUTHWEST::67463::Oil Drilling And Exploration Services::Gas &amp; Petroleum
SPAL::64531::Branded Apparels::Apparels
SPANDANA::30581::NBFC - Micro Finance::NBFC
SPARC::18315::Pharma - Indian::Pharmaceuticals
SPCENET::48326::Miscellaneous - Others::Miscellaneous
SPECIALITY::39674::Restaurant &amp; QSR::Tourism &amp; Hospitality
SPENCERS::69232::Supermarkets::Retail
SPENTEX::10307::Textiles - Spinning - Cotton Blended::Textiles
SPIC::7876::Airlines::Airlines
SPICEJET::7876::Airlines::Airlines
SPLIL::6349::Branded Apparels::Apparels
SPMLINFRA::11248::Construction &amp; Contracting::Construction
SPTL::65921::Plastic Intermediaries/Products::Plastics
SPYL::33124::Textiles - Processing/Texturising::Textiles
SREEL::4747::Leather - Footwear/Accessories::Leather
SREINFRA::11265::NBFC - Diversified::NBFC
SRF::13155::Diversified::Diversified
SRHHYPOLTD::20144::Chemicals - Inorganic - Others::Chemicals
SRIPIPES::9028::Steel - Tubes/Pipes::Metals - Ferrous
SRSLTD::34369::Miscellaneous::Miscellaneous
SRTRANSFIN::13106::NBFC - Vehicle Finance::NBFC
SSWL::10667::Auto Ancl - Dr. Trans &amp; Steer - Wheels::Auto Ancillaries
STAMPEDE::5896::Broking &amp; Allied Services::Financial Services
STAR::18388::Cement - East::Cement
STARCEMENT::18388::Cement - East::Cement
STARPAPER::12993::Paper Manufacturer::Paper
STCINDIA::11441::Trading::Trading
STEELCITY::15885::Financial Services - Misc::Financial Services
STEELXIND::16459::Steel - Integrated::Metals - Ferrous
STEL::7573::Holding - Diversified::Holding Company
STERTOOLS::7701::Auto Ancl - Others::Auto Ancillaries
STINDIA::13157::Textiles - Spinning - Cotton Blended::Textiles
STRTECH::3370::Cables - Optical Fiber::Cables
SUBCAPCITY::1942821::Construction &amp; Contracting::Construction
SUBEX::4325::IT Consulting &amp; Software - Small Cap::IT Software
SUBROS::12922::Auto Ancl - Equipment Others::Auto Ancillaries
SUDARSCHEM::12925::Dyes &amp; Pigments::Chemicals
SUJANAUNI::12058::Domestic Appliances::Consumer Durables
SUMEETINDS::11079::Textiles - Manmade Fibre - PPFY::Textiles
SUMIT::68876::Real Estate::Real Estate
SUMMITSEC::15701::Holding - Diversified::Holding Company
SUNCLAYLTD::12921::Auto Ancl - Others::Auto Ancillaries
SUNDARAM::12963::NBFC - Diversified::NBFC
SUNDARMFIN::12963::NBFC - Diversified::NBFC
SUNDARMHLD::5778::Holding - Diversified::Holding Company
SUNDRMBRAK::12973::Auto Ancl - Susp. &amp; Braking - Others::Auto Ancillaries
SUNDRMFAST::12962::Auto Ancl - Others::Auto Ancillaries
SUNFLAG::12964::Steel - Rolling::Metals - Ferrous
SUNPHARMA::9134::Pharma - Indian::Pharmaceuticals
SUNTECK::3296::Real Estate::Real Estate
SUNTV::17994::TV Broadcasting &amp; Software Production::Media &amp; Entertainment
SUPERHOUSE::44::Leather - Footwear/Accessories::Leather
SUPERSPIN::12785::Textiles - Spinning - Cotton Blended::Textiles
SUPPETRO::10588::Petrochem - Polymers::Petrochemicals
SUPRAJIT::6936::Auto Ancl - Equipment Others::Auto Ancillaries
SUPREMEIND::12969::Plastic Intermediaries/Products::Plastics
SUPREMEINF::19467::Infrastructure - Diversified::Infrastructure
SURANASOL::33181::Electric Equipment/Components/Services::Electric/Electronics
SURANAT&P::8690::Cables - Power/Others::Cables
SURYALAXMI::12333::Textiles - Spinning - Cotton Blended::Textiles
SURYAROSNI::13277::Steel - Tubes/Pipes::Metals - Ferrous
SUTLEJTEX::19684::Textiles - General::Textiles
SUVEN::8221::Pharma - Indian::Pharmaceuticals
SUZLON::1209::Power Generation - Wind::Power
SWANENERGY::11965::Diversified::Diversified
SWARAJENG::12960::Engines::Engineering
SWELECTES::5489::Electronics/Electricals::Consumer Durables
SWSOLAR::1944712::Engineering - Others::Engineering
SYMPHONY::10473::Electronics/Electricals::Consumer Durables
SYNCOM::10559::Pharma - Indian::Pharmaceuticals
SYNDIBANK::9200::Banks - Public Sector::Banks
SYNGENE::303::Pharma - Indian::Pharmaceuticals
TAINWALCHM::12942::Plastics - Sheets/Films::Plastics
TAJGVK::3295::Hotels &amp; Resorts::Tourism &amp; Hospitality
TAKE::18603::IT Consulting &amp; Software - Small Cap::IT Software
TALBROAUTO::12919::Auto Ancl - Engine Parts::Auto Ancillaries
TALWALKARS::66852::Retail - Wellness::Retail
TALWGYM::66852::Retail - Wellness::Retail
TANLA::5351::IT Consulting &amp; Software - Small Cap::IT Software
TANTIACONS::16055::Construction &amp; Contracting::Construction
TARAJEWELS::42159::Diamond Cutting/Precious Metals/Jewellery::Gems and Jewellery
TARAPUR::19322::Electric Equipment - Transformers::Electric/Electronics
TARMAT::19090::Construction &amp; Contracting::Construction
TASTYBITE::12912::FMCG Food &amp; Beverages::FMCG
TATACHEM::12913::Chemicals - Inorganic - Caustic Soda/Soda Ash::Chemicals
TATACOFFEE::13879::Tea / Coffee::Tea / Coffee
TATACOMM::11992::Telecommunications - Service::Telecommunications
TATAELXSI::12207::IT Consulting &amp; Software - Mid Cap::IT Software
TATAGLOBAL::12929::FMCG Food &amp; Beverages::FMCG
TATAINVEST::13540::Holding - Diversified::Holding Company
TATAMETALI::10752::Steel - Pig Iron::Metals - Ferrous
TATAMOTORS::12934::Auto - Cars/UV/CV::Auto
TATAPOWER::12918::Power - Integrated::Power
TATASPONGE::12743::Steel - Sponge Iron::Metals - Ferrous
TATASTLBSL::10434::Steel - CR/HR Strips::Metals - Ferrous
TBZ::38887::Jewellery Retail::Gems and Jewellery
TCI::65069::Warehousing/Supply Chain/Road Transport::Logistics
TCIDEVELOP::29171::Real Estate::Real Estate
TCIEXP::65069::Warehousing/Supply Chain/Road Transport::Logistics
TCIFINANCE::11839::Financial Services - Misc::Financial Services
TCNSBRANDS::45671::Branded Apparels::Apparels
TCPLPACK::2::Packaging - Metallic/Plastics/Others::Packaging
TCS::8345::IT Consulting &amp; Software - Large Cap::IT Software
TDPOWERSYS::34499::Electric Equipment - Gensets/Turbines::Electric/Electronics
TEAMLEASE::46318::Services - Others::Services
TECHIN::9125::Construction &amp; Contracting::Construction
TECHM::11221::IT Consulting &amp; Software - Large Cap::IT Software
TECHNOE::31260::Capital Goods - Others::Engineering
TECHNOFAB::31240::Project Consultancy/Turnkey::Services
TEJASNET::17752::Telecommunications - Allied Services::Telecommunications
TERASOFT::3675::IT Consulting &amp; Software - Micro Cap::IT Software
TEXINFRA::12108::Real Estate::Real Estate
TEXMOPIPES::25028::Plastics - Pipes &amp; Fittings::Plastics
TEXRAIL::32984::Capital Goods - Railway::Engineering
TFCILTD::11282::Term Lending - General::Term Lending Institutions
TFL::18095::Financial Services - Misc::Financial Services
TGBHOTELS::15913::Hotels &amp; Resorts::Tourism &amp; Hospitality
THANGAMAYL::30963::Jewellery Retail::Gems and Jewellery
THEINVEST::8109::NBFC - Diversified::NBFC
THEMISMED::7973::Pharma - Indian::Pharmaceuticals
THERMAX::8165::Capital Goods - Diversified::Engineering
THIRUSUGAR::12895::Sugar::Sugar
THOMASCOOK::12897::Travel Agen. / Tourism Deve. / Amusement Park::Tourism &amp; Hospitality
THOMASCOTT::36066::Branded Apparels::Apparels
THYROCARE::60244::Diagnostics::Hospitals &amp; Allied Services
TI::12903::Jewellery Retail::Gems and Jewellery
TIDEWATER::12263::Lubricants::Petrochemicals
TIINDIA::67230::Cycles &amp; Accessories::Consumer Durables
TIJARIA::34697::Plastics - Pipes &amp; Fittings::Plastics
TIL::12951::Trading::Trading
TIMESGTY::8819::Financial Services - Misc::Financial Services
TIMETECHNO::19129::Packaging - Metallic/Plastics/Others::Packaging
TIMKEN::12183::Capital Goods - Railway::Engineering
TINPLATE::12927::Metals - Non Ferrous - Others::Metals - Non Ferrous
TIPSINDLTD::3697::Film/TV Production &amp; Distribution::Media &amp; Entertainment
TIRUMALCHM::12896::Chemicals - Others::Chemicals
TITAN::12903::Jewellery Retail::Gems and Jewellery
TMRVL::52891::Retail - Apparel/Accessories::Retail
TNPETRO::12937::Detergents::Chemicals
TNPL::11491::Paper Manufacturer::Paper
TNTELE::11283::Cables - Telephone::Cables
TOKYOPLAST::4903::Domestic Appliances::Consumer Durables
TORNTPHARM::8492::Pharma - Indian::Pharmaceuticals
TORNTPOWER::18767::Power - Integrated::Power
TPLPLASTEH::9097::Plastic Intermediaries/Products::Plastics
TREEHOUSE::34368::Coaching/Study Material/Schools::Learning &amp; Education
TREJHARA::67087::IT Consulting &amp; Software - Micro Cap::IT Software
TRENT::13456::Retail - Apparel/Accessories::Retail
TRF::12928::Engineering - General::Engineering
TRIDENT::11163::Textiles - Furnishings/Terry Towels::Textiles
TRIGYN::8348::IT Consulting &amp; Software - Small Cap::IT Software
TRIL::20444::Power - Transmission Equipment::Power
TRITURBINE::17099::Capital Goods - Diversified::Engineering
TRIVENI::17099::Capital Goods - Diversified::Engineering
TTKHLTCARE::12938::Diversified::Diversified
TTKPRESTIG::8711::Domestic Appliances::Consumer Durables
TTL::12571::Branded Hosiery/Knitwear::Apparels
TTML::3545::Telecommunications - Service::Telecommunications
TV18BRDCST::15481::TV Broadcasting &amp; Software Production::Media &amp; Entertainment
TVSELECT::14979::Computers - Accessories/Peripherals::IT - Hardware
TVSMOTOR::12940::Auto - 2 &amp; 3 Wheelers::Auto
TVSSRICHAK::12987::Tyres &amp; Tubes::Tyres
TVTODAY::16508::TV Broadcasting &amp; Software Production::Media &amp; Entertainment
TVVISION::29943::TV Broadcasting &amp; Software Production::Media &amp; Entertainment
TWL::21076::Capital Goods - Railway::Engineering
UBL::1367::Beverages &amp; Distilleries::Beverages - Alcoholic
UCALFUEL::12878::Auto Ancl - Engine Parts::Auto Ancillaries
UCOBANK::9180::Banks - Public Sector::Banks
UFLEX::13781::Packaging - Metallic/Plastics/Others::Packaging
UFO::45489::Film/TV Production &amp; Distribution::Media &amp; Entertainment
UGARSUGAR::12475::Sugar::Sugar
UJAAS::34720::Electric Equipment/Components/Services::Electric/Electronics
UJJIVAN::32209::Small Finance Bank::Banks
ULTRACEMCO::3027::Cement - Pan India::Cement
UMANGDAIRY::9100::FMCG Dairy Products::FMCG
UMESLTD::2591::Coaching/Study Material/Schools::Learning &amp; Education
UNICHEMLAB::12882::Pharma - Indian::Pharmaceuticals
UNIENTER::12866::Trading::Trading
UNIONBANK::12261::Banks - Public Sector::Banks
UNIPLY::16814::Laminates/Plywood/Boards::Building Materials
UNITECH::12874::Real Estate::Real Estate
UNITEDBNK::9181::Banks - Public Sector::Banks
UNITEDTEA::8491::Tea / Coffee::Tea / Coffee
UNITY::16909::Construction &amp; Contracting::Construction
UNIVCABLES::12870::Cables - Power/Others::Cables
UPL::6114::Pesticides/Agro Chem::Pesticides/Agro Chemicals
URJA::8068::Project Consultancy/Turnkey::Services
USHAMART::12833::Steel - Alloys/Special::Metals - Ferrous
UTTAMSTL::12863::Steel - GP/GC Sheets::Metals - Ferrous
UTTAMSUGAR::15290::Sugar::Sugar
UVSL::11908::Steel - CR/HR Strips::Metals - Ferrous
V2RETAIL::15509::Retail - Apparel/Accessories::Retail
VADILALIND::12858::FMCG Dairy Products::FMCG
VAIBHAVGBL::5226::Jewellery Retail::Gems and Jewellery
VAKRANGEE::10501::Miscellaneous::Miscellaneous
VARDHACRLC::3043::Textiles - Manmade Fibre - Acrylic Fibre::Textiles
VARDMNPOLY::11478::Textiles - Spinning - Cotton Blended::Textiles
VARROC::68496::Auto Ancl - Equipment Lamp::Auto Ancillaries
VASCONEQ::30972::Construction &amp; Contracting::Construction
VASWANI::33207::Steel - Sponge Iron::Metals - Ferrous
VBL::18605::FMCG Food &amp; Beverages::FMCG
VEDL::13111::Diversified::Diversified
VENKEYS::12827::Livestock - Hatcheries/Poultry::Agriculture/Horticulture/Livestock
VENUSREM::8043::Pharma - Indian::Pharmaceuticals
VESUVIUS::10677::Refractories::Industrial Consumables
VETO::42221::Electric Equipment - Switchgear/Circuit Breaker::Electric/Electronics
VGUARD::4264::Electronics/Electricals::Consumer Durables
VHL::12656::Holding - Diversified::Holding Company
VICEROY::11315::Hotels &amp; Resorts::Tourism &amp; Hospitality
VIDEOIND::10502::Electronics/Electricals::Consumer Durables
VIDHIING::6056::Chemicals - Speciality - Others::Chemicals
VIJIFIN::6074::Financial Services - Misc::Financial Services
VIKASECO::7528::Chemicals - Speciality - Others::Chemicals
VIKASMCORP::35540::Miscellaneous::Miscellaneous
VIKASPROP::4270::Miscellaneous::Miscellaneous
VIKASWSP::10347::Miscellaneous::Miscellaneous
VIMALOIL::10167::Edible Oils &amp; Solvent Extraction::Agro Processing
VIMTALABS::10686::Miscellaneous::Miscellaneous
VINATIORGA::6833::Chemicals - Organic - Benzene Based::Chemicals
VINDHYATEL::12819::Cables - Power/Others::Cables
VINYLINDIA::12854::Chemicals - Organic - Others::Chemicals
VIPCLOTHNG::10814::Branded Hosiery/Knitwear::Apparels
VIPIND::12830::Luggage::Plastics
VIPULLTD::8030::Real Estate::Real Estate
VISAKAIND::12855::Cement Products::Building Materials
VISASTEEL::860::Steel - Integrated::Metals - Ferrous
VISESHINFO::4278::IT Consulting &amp; Software - Micro Cap::IT Software
VISHAL::56727::Textiles - Processing/Texturising::Textiles
VISHNU::8594::Chemicals - Inorganic - Others::Chemicals
VIVIDHA::4025::Branded Apparels::Apparels
VIVIMEDLAB::17027::Pharma - Indian::Pharmaceuticals
VLSFINANCE::10947::NBFC - Diversified::NBFC
VMART::44030::Retail - Departmental Stores::Retail
VOLTAMP::15493::Power - Transmission Equipment::Power
VOLTAS::12815::Air Conditioners::Consumer Durables
VRLLOG::46612::Warehousing/Supply Chain/Road Transport::Logistics
VSSL::33871::Steel - General::Metals - Ferrous
VSTIND::12825::Cigarettes::Tobacco
VSTTILLERS::11477::Auto - Tractors::Auto
VTL::11897::Textiles - Integrated::Textiles
WABAG::20188::Engineering - Water Solutions::Engineering
WABCOINDIA::22706::Auto Ancl - Susp. &amp; Braking - Others::Auto Ancillaries
WALCHANNAG::12807::Capital Goods - Others::Engineering
WANBURY::12103::Pharma - Indian::Pharmaceuticals
WATERBASE::11254::Shrimp Feed/Processing::Aquaculture
WEBELSOLAR::8703::Electric Equipment/Components/Services::Electric/Electronics
WEIZFOREX::34119::Forex::Financial Services
WEIZMANIND::12777::Textiles - Processing/Texturising::Textiles
WELCORP::5032::Steel - Tubes/Pipes::Metals - Ferrous
WELENT::16646::Infrastructure - Roads/Tolls::Infrastructure
WELINV::30346::Holding - Diversified::Holding Company
WELSPUNIND::12096::Textiles - Furnishings/Terry Towels::Textiles
WENDT::12544::Abrasives And Grinding Wheels::Industrial Consumables
WESTLIFE::3837::Restaurant &amp; QSR::Tourism &amp; Hospitality
WHEELS::12794::Auto Ancl - Dr. Trans &amp; Steer - Wheels::Auto Ancillaries
WHIRLPOOL::13483::Electronics/Electricals::Consumer Durables
WILLAMAGOR::12586::Miscellaneous::Miscellaneous
WINDMACHIN::13460::Capital Goods - Others::Engineering
WINSOME::11453::Textiles - Spinning - Synthetic Blended::Textiles
WIPL::11451::Laminates/Plywood/Boards::Building Materials
WIPRO::12799::IT Consulting &amp; Software - Large Cap::IT Software
WOCKPHARMA::3731::Pharma - Indian::Pharmaceuticals
WONDERLA::52803::Travel Agen. / Tourism Deve. / Amusement Park::Tourism &amp; Hospitality
WSI::12806::Electric Equipment/Components/Services::Electric/Electronics
WSTCSTPAPR::12818::Paper Manufacturer::Paper
XCHANGING::13031::IT Consulting &amp; Software - Small Cap::IT Software
XELPMOC::1850579::IT Consulting &amp; Software - Micro Cap::IT Software
XLENERGY::18788::Miscellaneous::Miscellaneous
XPROINDIA::12692::Packaging - Metallic/Plastics/Others::Packaging
YESBANK::16552::Banks - Private Sector::Banks
ZEEL::11769::TV Broadcasting &amp; Software Production::Media &amp; Entertainment
ZEELEARN::32769::Coaching/Study Material/Schools::Learning &amp; Education
ZEEMEDIA::18879::TV Broadcasting &amp; Software Production::Media &amp; Entertainment
ZENITHBIR::12792::Steel - Tubes/Pipes::Metals - Ferrous
ZENITHEXPO::8933::Textiles - Synthetic/Silk::Textiles
ZENSARTECH::13597::IT Consulting &amp; Software - Mid Cap::IT Software
ZENTEC::2796::IT Consulting &amp; Software - Small Cap::IT Software
ZICOM::6579::Electronics - Equipment/Components::Electric/Electronics
ZODIACLOTH::6849::Branded Apparels::Apparels
ZODJRDMKJ::8743::Diamond Cutting/Precious Metals/Jewellery::Gems and Jewellery
ZOTA::65889::Pharma - Indian::Pharmaceuticals
ZUARI::34532::Fertilisers::Fertilisers
ZUARIGLOB::12793::Diversified::Diversified
ZYDUSWELL::6816::FMCG Food &amp; Beverages::FMCG
